nomsuc2,numinv,caract,marca,color,moduni,numser,nomsuc1,diasapar,nomvenapar,diaseninv,numfacc,fecreg,tipocompra,obs_veh,nummot,numinv2,tipuni,llaves,desnac_imp,modellinea,descvers,ctoori,ctocon,ctototal
"BODEGA JUCHITAN","29145","FRONTIER LE 2.5L 4 CIL TA 4X2  AA","NISSAN","PLATA/NEGRO","2026","3N6AD33A4TK819490","JUCHITAN",0,"",203,"4084753",30/01/2026,"PV3","SEGURO DE LLANTA REFACC TIPO 1 $ 3,210 + CAJA DE HERRAMIENTAS $ 4,400.00","QR25670887H","","FGAL1","","NACIONAL","","",502586.66,0.00,502586.66
"BODEGA SALINA CRUZ","29619","FRONTIER LE 2.5L 4 CIL TA 4X2  AA","NISSAN","BLANCO/NEGRO","2026","3N6AD33A5TK823256","SALINA CRUZ",0,"",175,"4103608",27/02/2026,"PV3","TUMBABURROS DEPORTIVO","QR25674587H","","FGAL1","","NACIONAL","","",504170.26,0.00,504170.26
"PEÑUELA","29637","FRONTIER LE 2.5L 4 CIL TA 4X2  AA","NISSAN","PLATA/NEGRO","2026","3N6AD33A4TK823698","CORDOBA",0,"",174,"4104293",28/02/2026,"PV3","DISPONIBLE","QR25675362H","","FGAL1","","NACIONAL","","",504170.26,0.00,504170.26
"PEÑUELA","29638","FRONTIER LE 2.5L 4 CIL TA 4X2  AA","NISSAN","BLANCO/NEGRO","2026","3N6AD33A5TK824259","CORDOBA",0,"",174,"4104294",28/02/2026,"PV3","TUMBABURROS DEPORTIVO $ 13,120 + TAPETE HULE FRONTIER $ 1,570","QR25675371H","","FGAL1","","NACIONAL","","",504170.26,0.00,504170.26
"BODEGA ORIZABA","29732","FRONTIER LE 2.5L 4 CIL TA 4X2  AA","NISSAN","BLANCO/NEGRO","2026","3N6AD33A4TK822261","ORIZABA",0,"",165,"4106138",09/03/2026,"PV3","TUMBABURROS DEPORTIVO $ 13,120 + TAPETE HULE FRONTIER $ 1,570","QR25672891H","","FGAL1","","NACIONAL","","",504170.26,6540.91,510711.17
"BODEGA TIERRABLANCA","29904","FRONTIER LE 2.5L 4 CIL TA 4X2  AA","NISSAN","BLANCO/NEGRO","2026","3N6AD33A7TK825641","TIERRA BLANCA",0,"",150,"4116261",24/03/2026,"PV3","DISPONIBLE","QR25677221H","","FGAL1","","NACIONAL","","",504170.26,0.00,504170.26
"BODEGA SALINA CRUZ","30039","FRONTIER LE 2.5L 4 CIL TA 4X2  AA","NISSAN","PLATA/NEGRO","2026","3N6AD33A4TK825631","SALINA CRUZ",0,"",150,"4116472",24/03/2026,"PV3","TUMBABURROS DEPORTIVO $ 13,120 + TAPETE HULE FRONTIER $ 1,570","QR25677743H","","FGAL1","","NACIONAL","","",504170.26,0.00,504170.26
"BODEGA ORIZABA","30054","FRONTIER LE 2.5L 4 CIL TA 4X2  AA","NISSAN","PLATA/NEGRO","2026","3N6AD33A0TK826775","ORIZABA",0,"",149,"4117798",25/03/2026,"PV3","DISPONIBLE","QR25679363H","","FGAL1","","NACIONAL","","",504170.26,286.47,504456.73
"BODEGA ORIZABA","30117","FRONTIER LE 2.5L 4 CIL TA 4X2  AA","NISSAN","PLATA/NEGRO","2026","3N6AD33A9TK828654","ORIZABA",0,"",147,"4120132",27/03/2026,"PV3","SEGURO DE LLANTA REFACC TIPO 1 $ 3,210 + CAJA DE HERRAMIENTAS $ 4,400.00","QR25679987H","","FGAL1","","NACIONAL","","",504170.26,3454.98,507625.24
"BODEGA TUXTEPEC","30126","FRONTIER LE 2.5L 4 CIL TA 4X2  AA","NISSAN","PLATA/NEGRO","2026","3N6AD33AXTK828498","TUXTEPEC",0,"",147,"4120275",27/03/2026,"PV3","DISPONIBLE","QR25680061H","","FGAL1","","NACIONAL","","",504170.26,0.00,504170.26
"BODEGA ORIZABA","30203","FRONTIER LE 2.5L 4 CIL TA 4X2  AA","NISSAN","PLATA/NEGRO","2026","3N6AD33A1TK828597","ORIZABA",0,"",143,"4123222",31/03/2026,"PV3","SEGURO DE LLANTA REFACC TIPO 1 $ 3,210 + CAJA DE HERRAMIENTAS $ 4,400.00","QR25679993H","","FGAL1","","NACIONAL","","",504170.26,3410.65,507580.91
"BODEGA TUXTEPEC","30227","FRONTIER LE 2.5L 4 CIL TA 4X2  AA","NISSAN","BLANCO/NEGRO","2026","3N6AD33A9TK828802","TUXTEPEC",0,"",143,"4123430",31/03/2026,"PV3","SEGURO DE LLANTA REFACC TIPO 1 $ 3,210 + CAJA DE HERRAMIENTAS $ 4,400.00","QR25680054H","","FGAL1","","NACIONAL","","",504170.26,0.00,504170.26
"BODEGA SALINA CRUZ","30236","FRONTIER LE 2.5L 4 CIL TA 4X2  AA","NISSAN","BLANCO/NEGRO","2026","3N6AD33A7TK828796","SALINA CRUZ",0,"",143,"4123429",31/03/2026,"PV3","TUMBABURROS DEPORTIVO $ 13,120 + TAPETE HULE FRONTIER $ 1,570","QR25680052H","","FGAL1","","NACIONAL","","",504170.26,0.00,504170.26
"BODEGA TUXTEPEC","30261","FRONTIER LE 2.5L 4 CIL TA 4X2  AA","NISSAN","PLATA/NEGRO","2026","3N6AD33A5TK827579","TUXTEPEC",0,"",143,"4124669",31/03/2026,"PV3","TUMBABURROS DEPORTIVO","QR25679319H","","FGAL1","","NACIONAL","","",504170.26,0.00,504170.26
"BODEGA TUXTEPEC","30263","FRONTIER LE 2.5L 4 CIL TA 4X2  AA","NISSAN","PLATA/NEGRO","2026","3N6AD33A3TK827922","TUXTEPEC",0,"",143,"4124667",31/03/2026,"PV3","TUMBABURROS DEPORTIVO","QR25679080H","","FGAL1","","NACIONAL","","",504170.26,0.00,504170.26
"BODEGA ORIZABA","30850","FRONTIER LE 2.5L 4 CIL TA 4X2  AA","NISSAN","BLANCO/NEGRO","2026","3N6AD33A5TL652843","ORIZABA",0,"",82,"4149413",31/05/2026,"PV3","(ORIZABA), CANAL ASIG. : AVR/MAR - DIRECTA NMX","QR25684928H","","FGAL1","","NACIONAL","","",504292.26,0.00,504292.26
"BODEGA TIERRABLANCA","30863","FRONTIER LE 2.5L 4 CIL TA 4X2  AA","NISSAN","BLANCO/NEGRO","2026","3N6AD33A6TL652740","TIERRA BLANCA",0,"",82,"4149098",31/05/2026,"PV3","(TIERRA BLANCA) (# CONCS. : 00410), CANAL ASIG. : ALLOCAT - INDEFINIDO","QR25684953H","","FGAL1","","NACIONAL","","",504292.26,0.00,504292.26
"BODEGA TUXTEPEC","30947","FRONTIER LE 2.5L 4 CIL TA 4X2  AA","NISSAN","ROJO/NEGRO","2026","3N6AD33A6TL656898","TUXTEPEC",0,"",74,"4151239",08/06/2026,"PV3","DISPONIBLE","QR25688638H","","FGAL1","","NACIONAL","","",504292.26,0.00,504292.26
"BODEGA TUXTEPEC","31015","FRONTIER LE 2.5L 4 CIL TA 4X2  AA","NISSAN","ROJO/NEGRO","2026","3N6AD33A4TL657340","TUXTEPEC",0,"",70,"4154007",12/06/2026,"PV3","DISPONIBLE","QR25687909H","","FGAL1","","NACIONAL","","",504292.26,0.00,504292.26
"BODEGA ORIZABA","31055","FRONTIER LE 2.5L 4 CIL TA 4X2  AA","NISSAN","PLATA/NEGRO","2026","3N6AD33A6TL658313","ORIZABA",0,"",66,"4155783",16/06/2026,"PV3","(ORIZABA), CANAL ASIG. : ALLOCAT - INDEFINIDO","QR25690340H","","FGAL1","","NACIONAL","","",504292.26,0.00,504292.26
"BODEGA SALINA CRUZ","31314","FRONTIER LE 2.5L 4 CIL TA 4X2  AA","NISSAN","PLATA/NEGRO","2026","3N6AD33A9TL661559","SALINA CRUZ",0,"",46,"4168225",06/07/2026,"PV3","TUMBABURROS DEPORTIVO","QR25694676H","","FGAL1","","NACIONAL","","",504292.26,0.00,504292.26
"BODEGA TUXTEPEC","31583","FRONTIER LE 2.5L 4 CIL TA 4X2  AA","NISSAN","PLATA/NEGRO","2026","3N6AD33A5TL650042","TUXTEPEC",0,"",17,"4182151",04/08/2026,"PV3","(TUXTEPEC) (# CONCS. : 00524), CANAL ASIG. : ALLOCAT - INDEFINIDO","QR25680014H","","FGAL1","","NACIONAL","","",504431.10,0.00,504431.10
"PEÑUELA","31703","FRONTIER LE 2.5L 4 CIL TA 4X2  AA","NISSAN","BLANCO/NEGRO","2026","3N6AD33A0TL667864","CORDOBA",0,"",10,"4185654",11/08/2026,"PV3","(CORDOBA) (# CONCS. : 00416), CANAL ASIG. : ALLOCAT - INDEFINIDO","QR25700258H","","FGAL1","","NACIONAL","","",504431.10,0.00,504431.10
"BODEGA ORIZABA","31722","FRONTIER LE 2.5L 4 CIL TA 4X2  AA","NISSAN","BLANCO/NEGRO","2026","3N6AD33AXTL668116","ORIZABA",0,"",9,"4186295",12/08/2026,"PV3","(ORIZABA), CANAL ASIG. : ALLOCAT - INDEFINIDO","QR25700595H","","FGAL1","","NACIONAL","","",504431.10,0.00,504431.10
"BODEGA SALINA CRUZ","29093","FRONTIER PRO-4X 2.5L 4 CIL TA 4X4 AA","NISSAN","ROJO/NEGRO","2026","3N6AD33B8TK818349","SALINA CRUZ",0,"",205,"4081887",28/01/2026,"PV3","DISPONIBLE","QR25669673H","","FPAL1","","NACIONAL","","",594655.66,0.00,594655.66
"PEÑUELA","30217","FRONTIER PRO-4X 2.5L 4 CIL TA 4X4 AA","NISSAN","ROJO/NEGRO","2026","3N6AD33B0TK827756","CORDOBA",0,"",143,"4123228",31/03/2026,"PV3","TUMBABURROS DEPORTIVO, TAPETE HULE, NITRO ACCESORIO TAPON","QR25680094H","","FPAL1","","NACIONAL","","",596970.26,0.00,596970.26
"BODEGA JUCHITAN","30368","FRONTIER PRO-4X 2.5L 4 CIL TA 4X4 AA","NISSAN","ROJO/NEGRO","2026","3N6AD33BXTL650529","JUCHITAN",0,"",115,"4131394",28/04/2026,"PV3","DISPONIBLE","QR25682060H","","FPAL1","","NACIONAL","","",597092.26,0.00,597092.26
"BODEGA TUXTEPEC","30642","FRONTIER PRO-4X 2.5L 4 CIL TA 4X4 AA","NISSAN","BLANCO/NEGRO","2026","3N6AD33B2TL650279","TUXTEPEC",0,"",93,"4141636",20/05/2026,"PV3","ESTRIBOS","QR25681539H","","FPAL1","","NACIONAL","","",597092.26,0.00,597092.26
"BODEGA TIERRABLANCA","30864","FRONTIER PRO-4X 2.5L 4 CIL TA 4X4 AA","NISSAN","BLANCO/NEGRO","2026","3N6AD33B6TL654285","TIERRA BLANCA",1,"MARIA DEL SOL ROSETE",82,"4149100",31/05/2026,"PV3","20/08/26 406 CALIHUA PANZO ISMAEL","QR25685924H","","FPAL1","","NACIONAL","","",597092.26,0.00,597092.26
"PEÑUELA","31294","FRONTIER PRO-4X 2.5L 4 CIL TA 4X4 AA","NISSAN","BLANCO/NEGRO","2026","3N6AD33B5TL654973","CORDOBA",0,"",52,"4167584",30/06/2026,"PV3","(CORDOBA) (# CONCS. : 00416), CANAL ASIG. : AVR/MAR - DIRECTA NMX","QR25685306H","","FPAL1","","NACIONAL","","",597092.26,0.00,597092.26
"PEÑUELA","31323","FRONTIER PRO-4X 2.5L 4 CIL TA 4X4 AA","NISSAN","ROJO/NEGRO","2026","3N6AD33B3TL662327","CORDOBA",0,"",45,"4168572",07/07/2026,"PV3","(CORDOBA) (# CONCS. : 00416), CANAL ASIG. : ALLOCAT - INDEFINIDO","QR25693605H","","FPAL1","","NACIONAL","","",597092.26,0.00,597092.26
"BODEGA SALINA CRUZ","31428","FRONTIER PRO-4X 2.5L 4 CIL TA 4X4 AA","NISSAN","ROJO/NEGRO","2026","3N6AD33B8TL661903","SALINA CRUZ",0,"",30,"4174109",22/07/2026,"PV3","BARRAS DE TOLDO","QR25691861H","","FPAL1","","NACIONAL","","",597092.26,0.00,597092.26
"PEÑUELA","31575","FRONTIER PRO-4X 2.5L 4 CIL TA 4X4 AA","NISSAN","BLANCO/NEGRO","2026","3N6AD33B4TL662496","CORDOBA",0,"",17,"4181939",04/08/2026,"PV3","CAMBIO RIN Y LLANTA | SE TOMA PIEZA PARA REPARACION","QR25694642H","","FPAL1","","NACIONAL","","",597230.10,0.00,597230.10
"BODEGA JUCHITAN","31730","FRONTIER PRO-4X 2.5L 4 CIL TA 4X4 AA","NISSAN","GRIS VOLCANICO/NEGRO","2026","3N6AD33B6TL668106","JUCHITAN",0,"",9,"4186411",12/08/2026,"PV3","(JUCHITAN) (# CONCS. : 00525), CANAL ASIG. : ALLOCAT - INDEFINIDO","QR25700643H","","FPAL1","","NACIONAL","","",597230.10,0.00,597230.10
"BODEGA TUXTEPEC","31741","FRONTIER PRO-4X 2.5L 4 CIL TA 4X4 AA","NISSAN","GRIS VOLCANICO/NEGRO","2026","3N6AD33B9TL668598","TUXTEPEC",0,"",8,"4186983",13/08/2026,"PV3","(TUXTEPEC) (# CONCS. : 00524), CANAL ASIG. : ALLOCAT - INDEFINIDO","QR25701287H","","FPAL1","","NACIONAL","","",597230.10,0.00,597230.10
"EN TRANSITO","31744","FRONTIER PRO-4X 2.5L 4 CIL TA 4X4 AA","NISSAN","GRIS VOLCANICO/NEGRO","2026","3N6AD33B8TL668754","ORIZABA",0,"",7,"4187166",14/08/2026,"PV3","DETENIDA EN PLANTA VALIDACION DE CALIDAD","QR25699246H","","FPAL1","","NACIONAL","","",597230.10,0.00,597230.10
"BODEGA TUXTEPEC","28892","FRONTIER V6 PRO-4X T/A 4X4 3.8 LTS. 6 CIL","NISSAN","VERDE MITICO/NEGRO","2026","1N6ED1EK1TN621973","TUXTEPEC",0,"",217,"6105000",16/01/2026,"P4V","4 RINES GRAF| SENSOR| SUSPENCION| ORQUELLO| ESCAPE NISMO | LLANTA 265 | CALCOMANIA COFRE","VQ38 423352D","","FUAP2-3","","IMPORTADO","","",778033.48,0.00,778033.48
"BODEGA SALINA CRUZ","28904","FRONTIER V6 PRO-4X T/A 4X4 3.8 LTS. 6 CIL","NISSAN","VERDE MITICO/NEGRO","2026","1N6ED1EKXTN621955","SALINA CRUZ",0,"",214,"6105830",19/01/2026,"P4V","4 RINES GRAF| SENSOR| SUSPENCION| ORQUELLO| ESCAPE NISMO | LLANTA 265 | CALCOMANIA COFRE","VQ38 423362D","","FUAP2-3","","IMPORTADO","","",778033.48,0.00,778033.48
"PEÑUELA","30609","NP300 CHASIS CAB VDC 2.5L 4 CIL TM 4X2 AA","NISSAN","PLATA/GRIS","2026","3N6AD35A6TL652962","CORDOBA",0,"",94,"4140763",19/05/2026,"PV3","PENDIENTE CAMBIO A MENUDEO","QR25685504H","","GCMA7","","NACIONAL","","",378751.26,0.00,378751.26
"BODEGA SALINA CRUZ","30783","NP300 CHASIS CAB VDC 2.5L 4 CIL TM 4X2 AA","NISSAN","ROJO/GRIS","2026","3N6AD35A5TL651477","SALINA CRUZ",0,"",85,"4145161",28/05/2026,"PV3","DAÑO MADRINA RAYÓN PUERTA LADO PILOTO","QR25683061H","","GCMA7","","NACIONAL","","",378751.26,0.00,378751.26
"BODEGA TUXTEPEC","30979","NP300 CHASIS CAB VDC 2.5L 4 CIL TM 4X2 AA","NISSAN","BLANCO/GRIS","2026","3N6AD35A8TL656656","TUXTEPEC",0,"",73,"4152274",09/06/2026,"PV3","TUMBABURROS","QR25689007H","","GCMA7","","NACIONAL","","",378751.26,0.00,378751.26
"BODEGA ORIZABA","31080","NP300 CHASIS CAB VDC 2.5L 4 CIL TM 4X2 AA","NISSAN","BLANCO/GRIS","2026","3N6AD35A0TL657722","ORIZABA",0,"",64,"4157154",18/06/2026,"PV3","(ORIZABA), CANAL ASIG. : ALLOCAT - INDEFINIDO","QR25688401H","","GCMA7","","NACIONAL","","",378751.26,0.00,378751.26
"PEÑUELA","31093","NP300 CHASIS CAB VDC 2.5L 4 CIL TM 4X2 AA","NISSAN","BLANCO/GRIS","2026","3N6AD35A9TL658075","CORDOBA",0,"",64,"4157158",18/06/2026,"PV3","TUMBABURROS CON CUBIERTA DE FAROS. SEGURO LLANTA REFACCION, NITRO ACCESORIO TAPON","QR25689411H","","GCMA7","","NACIONAL","","",378751.26,0.00,378751.26
"PEÑUELA","31120","NP300 CHASIS CAB VDC 2.5L 4 CIL TM 4X2 AA","NISSAN","BLANCO/GRIS","2026","3N6AD35A8TL658858","CORDOBA",0,"",63,"4157751",19/06/2026,"PV3","(CORDOBA) (# CONCS. : 00416), CANAL ASIG. : ALLOCAT - INDEFINIDO","QR25690857H","","GCMA7","","NACIONAL","","",378751.26,0.00,378751.26
"BODEGA SALINA CRUZ","31130","NP300 CHASIS CAB VDC 2.5L 4 CIL TM 4X2 AA","NISSAN","BLANCO/GRIS","2026","3N6AD35A1TL658894","SALINA CRUZ",0,"",63,"4157933",19/06/2026,"PV3","TUMBABURROS DEPORTIVO","QR25691702H","","GCMA7","","NACIONAL","","",378751.26,0.00,378751.26
"BODEGA SALINA CRUZ","31146","NP300 CHASIS CAB VDC 2.5L 4 CIL TM 4X2 AA","NISSAN","ROJO/GRIS","2026","3N6AD35A7TL659046","SALINA CRUZ",0,"",60,"4158885",22/06/2026,"PV3","DISPONIBLE","QR25691323H","","GCMA7","","NACIONAL","","",378751.26,0.00,378751.26
"BODEGA TUXTEPEC","31255","NP300 CHASIS CAB VDC 2.5L 4 CIL TM 4X2 AA","NISSAN","BLANCO/GRIS","2026","3N6AD35A5TL657277","TUXTEPEC",0,"",53,"4164213",29/06/2026,"PV3","AFD | TUXTEPEC | REPORTADO 15/07/26","QR25688421H","","GCMA7","","NACIONAL","","",378751.26,0.00,378751.26
"BODEGA ORIZABA","31326","NP300 CHASIS CAB VDC 2.5L 4 CIL TM 4X2 AA","NISSAN","BLANCO/GRIS","2026","3N6AD35A3TL662655","ORIZABA",0,"",44,"4168933",08/07/2026,"PV3","(ORIZABA), CANAL ASIG. : ALLOCAT - INDEFINIDO","QR25695139H","","GCMA7","","NACIONAL","","",378751.26,0.00,378751.26
"BODEGA ORIZABA","31347","NP300 CHASIS CAB VDC 2.5L 4 CIL TM 4X2 AA","NISSAN","BLANCO/GRIS","2026","3N6AD35A1TL662105","ORIZABA",0,"",42,"4169669",10/07/2026,"PV3","(ORIZABA), CANAL ASIG. : ALLOCAT - INDEFINIDO","QR25694774H","","GCMA7","","NACIONAL","","",378751.26,0.00,378751.26
"PEÑUELA","31363","NP300 CHASIS CAB VDC 2.5L 4 CIL TM 4X2 AA","NISSAN","PLATA/GRIS","2026","3N6AD35A9TL660859","CORDOBA",0,"",38,"4171066",14/07/2026,"PV3","(CORDOBA) (# CONCS. : 00416), CANAL ASIG. : ALLOCAT - INDEFINIDO","QR25692159H","","GCMA7","","NACIONAL","","",378751.26,0.00,378751.26
"PEÑUELA","31385","NP300 CHASIS CAB VDC 2.5L 4 CIL TM 4X2 AA","NISSAN","ROJO/GRIS","2026","3N6AD35A9TL661137","CORDOBA",0,"",37,"4171577",15/07/2026,"PV3","(CORDOBA) (# CONCS. : 00416), CANAL ASIG. : ALLOCAT - INDEFINIDO","QR25694218H","","GCMA7","","NACIONAL","","",378751.26,0.00,378751.26
"BODEGA JUCHITAN","31413","NP300 CHASIS CAB VDC 2.5L 4 CIL TM 4X2 AA","NISSAN","BLANCO/GRIS","2026","3N6AD35A2TL663392","JUCHITAN",0,"",31,"4173666",21/07/2026,"PV3","(JUCHITAN) (# CONCS. : 00525), CANAL ASIG. : ALLOCAT - INDEFINIDO","QR25695666H","","GCMA7","","NACIONAL","","",378751.26,0.00,378751.26
"BODEGA ORIZABA","31435","NP300 CHASIS CAB VDC 2.5L 4 CIL TM 4X2 AA","NISSAN","BLANCO/GRIS","2026","3N6AD35A6TL664268","ORIZABA",0,"",28,"4175369",24/07/2026,"PV3","(ORIZABA), CANAL ASIG. : ALLOCAT - INDEFINIDO","QR25697424H","","GCMA7","","NACIONAL","","",378751.26,0.00,378751.26
"BODEGA JUCHITAN","31522","NP300 CHASIS CAB VDC 2.5L 4 CIL TM 4X2 AA","NISSAN","BLANCO/GRIS","2026","3N6AD35A2TL663909","JUCHITAN",0,"",23,"4178325",29/07/2026,"PV3","(JUCHITAN) (# CONCS. : 00525), CANAL ASIG. : ALLOCAT - INDEFINIDO","QR25696334H","","GCMA7","","NACIONAL","","",378751.26,0.00,378751.26
"BODEGA TUXTEPEC","31529","NP300 CHASIS CAB VDC 2.5L 4 CIL TM 4X2 AA","NISSAN","ROJO/GRIS","2026","3N6AD35AXTL665147","TUXTEPEC",0,"",22,"4178930",30/07/2026,"PV3","(TUXTEPEC) (# CONCS. : 00524), CANAL ASIG. : ALLOCAT - INDEFINIDO","QR25696826H","","GCMA7","","NACIONAL","","",378751.26,0.00,378751.26
"BODEGA SALINA CRUZ","31536","NP300 CHASIS CAB VDC 2.5L 4 CIL TM 4X2 AA","NISSAN","ROJO/GRIS","2026","3N6AD35A8TL665258","SALINA CRUZ",0,"",22,"4178929",30/07/2026,"PV3","(SALINA CRUZ) (# CONCS. : 00526), CANAL ASIG. : ALLOCAT - INDEFINIDO","QR25698211H","","GCMA7","","NACIONAL","","",378751.26,0.00,378751.26
"BODEGA ORIZABA","31538","NP300 CHASIS CAB VDC 2.5L 4 CIL TM 4X2 AA","NISSAN","BLANCO/GRIS","2026","3N6AD35A1TL665716","ORIZABA",0,"",21,"4179799",31/07/2026,"PV3","(ORIZABA), CANAL ASIG. : ALLOCAT - INDEFINIDO","QR25697593H","","GCMA7","","NACIONAL","","",378751.26,0.00,378751.26
"BODEGA JUCHITAN","31556","NP300 CHASIS CAB VDC 2.5L 4 CIL TM 4X2 AA","NISSAN","BLANCO/GRIS","2026","3N6AD35A7TL665798","JUCHITAN",0,"",21,"4181054",31/07/2026,"PV3","(JUCHITAN) (# CONCS. : 00525), CANAL ASIG. : ALLOCAT - INDEFINIDO","QR25698943H","","GCMA7","","NACIONAL","","",378751.26,0.00,378751.26
"BODEGA ORIZABA","31562","NP300 CHASIS CAB VDC 2.5L 4 CIL TM 4X2 AA","NISSAN","BLANCO/GRIS","2026","3N6AD35A8TL664482","ORIZABA",0,"",17,"4181923",04/08/2026,"PV3","(ORIZABA), CANAL ASIG. : ALLOCAT - INDEFINIDO","QR25697363H","","GCMA7","","NACIONAL","","",378891.10,0.00,378891.10
"BODEGA TIERRABLANCA","31572","NP300 CHASIS CAB VDC 2.5L 4 CIL TM 4X2 AA","NISSAN","BLANCO/GRIS","2026","3N6AD35A0TL664332","TIERRA BLANCA",0,"",17,"4181919",04/08/2026,"PV3","(TIERRA BLANCA) (# CONCS. : 00410), CANAL ASIG. : ALLOCAT - INDEFINIDO","QR25697542H","","GCMA7","","NACIONAL","","",378891.10,0.00,378891.10
"PEÑUELA","31576","NP300 CHASIS CAB VDC 2.5L 4 CIL TM 4X2 AA","NISSAN","BLANCO/GRIS","2026","3N6AD35A1TL666283","CORDOBA",0,"",17,"4181920",04/08/2026,"PV3","(CORDOBA) (# CONCS. : 00416), CANAL ASIG. : ALLOCAT - INDEFINIDO","QR25698076H","","GCMA7","","NACIONAL","","",378891.10,0.00,378891.10
"PEÑUELA","31577","NP300 CHASIS CAB VDC 2.5L 4 CIL TM 4X2 AA","NISSAN","BLANCO/GRIS","2026","3N6AD35A3TL666401","CORDOBA",0,"",17,"4181921",04/08/2026,"PV3","(CORDOBA) (# CONCS. : 00416), CANAL ASIG. : ALLOCAT - INDEFINIDO","QR25698951H","","GCMA7","","NACIONAL","","",378891.10,0.00,378891.10
"PEÑUELA","31578","NP300 CHASIS CAB VDC 2.5L 4 CIL TM 4X2 AA","NISSAN","BLANCO/GRIS","2026","3N6AD35A8TL664384","CORDOBA",0,"",17,"4181922",04/08/2026,"PV3","(CORDOBA) (# CONCS. : 00416), CANAL ASIG. : ALLOCAT - INDEFINIDO","QR25697362H","","GCMA7","","NACIONAL","","",378891.10,0.00,378891.10
"BODEGA SALINA CRUZ","31593","NP300 CHASIS CAB VDC 2.5L 4 CIL TM 4X2 AA","NISSAN","BLANCO/GRIS","2026","3N6AD35A2TL664509","SALINA CRUZ",0,"",17,"4182143",04/08/2026,"PV3","TUMBABURROS","QR25696063H","","GCMA7","","NACIONAL","","",378891.10,0.00,378891.10
"BODEGA ORIZABA","31601","NP300 CHASIS CAB VDC 2.5L 4 CIL TM 4X2 AA","NISSAN","ROJO/GRIS","2026","3N6AD35A0TL666386","ORIZABA",0,"",16,"4182558",05/08/2026,"PV3","(ORIZABA), CANAL ASIG. : ALLOCAT - INDEFINIDO","QR25698696H","","GCMA7","","NACIONAL","","",378891.10,0.00,378891.10
"PEÑUELA","31615","NP300 CHASIS CAB VDC 2.5L 4 CIL TM 4X2 AA","NISSAN","ROJO/GRIS","2026","3N6AD35A6TL666604","CORDOBA",0,"",16,"4182559",05/08/2026,"PV3","(CORDOBA) (# CONCS. : 00416), CANAL ASIG. : ALLOCAT - INDEFINIDO","QR25699517H","","GCMA7","","NACIONAL","","",378891.10,0.00,378891.10
"BODEGA TUXTEPEC","31625","NP300 CHASIS CAB VDC 2.5L 4 CIL TM 4X2 AA","NISSAN","ROJO/GRIS","2026","3N6AD35A3TL666785","TUXTEPEC",0,"",16,"4182656",05/08/2026,"PV3","(TUXTEPEC) (# CONCS. : 00524), CANAL ASIG. : ALLOCAT - INDEFINIDO","QR25699707H","","GCMA7","","NACIONAL","","",378891.10,0.00,378891.10
"BODEGA JUCHITAN","31639","NP300 CHASIS CAB VDC 2.5L 4 CIL TM 4X2 AA","NISSAN","ROJO/GRIS","2026","3N6AD35A9TL666581","JUCHITAN",0,"",16,"4182657",05/08/2026,"PV3","(JUCHITAN) (# CONCS. : 00525), CANAL ASIG. : ALLOCAT - INDEFINIDO","QR25699412H","","GCMA7","","NACIONAL","","",378891.10,0.00,378891.10
"BODEGA ORIZABA","31656","NP300 CHASIS CAB VDC 2.5L 4 CIL TM 4X2 AA","NISSAN","ROJO/GRIS","2026","3N6AD35A4TL666875","ORIZABA",0,"",15,"4183158",06/08/2026,"PV3","(ORIZABA), CANAL ASIG. : ALLOCAT - INDEFINIDO","QR25699753H","","GCMA7","","NACIONAL","","",378891.10,0.00,378891.10
"BODEGA TUXTEPEC","31660","NP300 CHASIS CAB VDC 2.5L 4 CIL TM 4X2 AA","NISSAN","ROJO/GRIS","2026","3N6AD35A5TL666819","TUXTEPEC",0,"",15,"4183364",06/08/2026,"PV3","(TUXTEPEC) (# CONCS. : 00524), CANAL ASIG. : ALLOCAT - INDEFINIDO","QR25699776H","","GCMA7","","NACIONAL","","",378891.10,0.00,378891.10
"BODEGA TUXTEPEC","31661","NP300 CHASIS CAB VDC 2.5L 4 CIL TM 4X2 AA","NISSAN","ROJO/GRIS","2026","3N6AD35A7TL666868","TUXTEPEC",0,"",15,"4183365",06/08/2026,"PV3","(TUXTEPEC) (# CONCS. : 00524), CANAL ASIG. : ALLOCAT - INDEFINIDO","QR25698219H","","GCMA7","","NACIONAL","","",378891.10,0.00,378891.10
"BODEGA TUXTEPEC","31669","NP300 CHASIS CAB VDC 2.5L 4 CIL TM 4X2 AA","NISSAN","BLANCO/GRIS","2026","3N6AD35A2TL667202","TUXTEPEC",0,"",14,"4184132",07/08/2026,"PV3","(TUXTEPEC) (# CONCS. : 00524), CANAL ASIG. : ALLOCAT - INDEFINIDO","QR25699674H","","GCMA7","","NACIONAL","","",378891.10,0.00,378891.10
"BODEGA TUXTEPEC","31670","NP300 CHASIS CAB VDC 2.5L 4 CIL TM 4X2 AA","NISSAN","BLANCO/GRIS","2026","3N6AD35A2TL667281","TUXTEPEC",0,"",14,"4184133",07/08/2026,"PV3","(TUXTEPEC) (# CONCS. : 00524), CANAL ASIG. : ALLOCAT - INDEFINIDO","QR25699838H","","GCMA7","","NACIONAL","","",378891.10,0.00,378891.10
"BODEGA TUXTEPEC","31671","NP300 CHASIS CAB VDC 2.5L 4 CIL TM 4X2 AA","NISSAN","BLANCO/GRIS","2026","3N6AD35A6TL667140","TUXTEPEC",0,"",14,"4184134",07/08/2026,"PV3","(TUXTEPEC) (# CONCS. : 00524), CANAL ASIG. : ALLOCAT - INDEFINIDO","QR25699356H","","GCMA7","","NACIONAL","","",378891.10,0.00,378891.10
"PEÑUELA","31694","NP300 CHASIS CAB VDC 2.5L 4 CIL TM 4X2 AA","NISSAN","ROJO/GRIS","2026","3N6AD35AXTL667562","CORDOBA",0,"",11,"4185065",10/08/2026,"PV3","(CORDOBA) (# CONCS. : 00416), CANAL ASIG. : ALLOCAT - INDEFINIDO","QR25699722H","","GCMA7","","NACIONAL","","",378891.10,0.00,378891.10
"BODEGA TUXTEPEC","31712","NP300 CHASIS CAB VDC 2.5L 4 CIL TM 4X2 AA","NISSAN","BLANCO/GRIS","2026","3N6AD35A2TL668107","TUXTEPEC",0,"",10,"4185819",11/08/2026,"PV3","(TUXTEPEC) (# CONCS. : 00524), CANAL ASIG. : ALLOCAT - INDEFINIDO","QR25700002H","","GCMA7","","NACIONAL","","",378891.10,0.00,378891.10
"BODEGA TUXTEPEC","31713","NP300 CHASIS CAB VDC 2.5L 4 CIL TM 4X2 AA","NISSAN","BLANCO/GRIS","2026","3N6AD35A5TL667873","TUXTEPEC",0,"",10,"4185820",11/08/2026,"PV3","(TUXTEPEC) (# CONCS. : 00524), CANAL ASIG. : ALLOCAT - INDEFINIDO","QR25700328H","","GCMA7","","NACIONAL","","",378891.10,0.00,378891.10
"EN TRANSITO","31752","NP300 CHASIS CAB VDC 2.5L 4 CIL TM 4X2 AA","NISSAN","ROJO/GRIS","2026","3N6AD35A9TL668833","TUXTEPEC",0,"",7,"4187237",14/08/2026,"PV3","(TUXTEPEC) (# CONCS. : 00524), CANAL ASIG. : ALLOCAT - INDEFINIDO","QR25700726H","","GCMA7","","NACIONAL","","",378891.10,0.00,378891.10
"EN TRANSITO","31755","NP300 CHASIS CAB VDC 2.5L 4 CIL TM 4X2 AA","NISSAN","ROJO/GRIS","2026","3N6AD35A2TL668740","JUCHITAN",0,"",7,"4187236",14/08/2026,"PV3","DETENIDA EN PLANTA VALIDACION DE CALIDAD","QR25701728H","","GCMA7","","NACIONAL","","",378891.10,0.00,378891.10
"EN TRANSITO","31767","NP300 CHASIS CAB VDC 2.5L 4 CIL TM 4X2 AA","NISSAN","ROJO/GRIS","2026","3N6AD35A5TL668957","TUXTEPEC",0,"",4,"4188035",17/08/2026,"PV3","DETENIDA EN PLANTA VALIDACION DE CALIDAD","QR25701880H","","GCMA7","","NACIONAL","","",378891.10,0.00,378891.10
"EN TRANSITO","31779","NP300 CHASIS CAB VDC 2.5L 4 CIL TM 4X2 AA","NISSAN","ROJO/GRIS","2026","3N6AD35A6TL669194","ORIZABA",0,"",3,"4188403",18/08/2026,"PV3","DETENIDA EN PLANTA VALIDACION DE CALIDAD","QR25702246H","","GCMA7","","NACIONAL","","",378891.10,0.00,378891.10
"EN TRANSITO","31796","NP300 CHASIS CAB VDC 2.5L 4 CIL TM 4X2 AA","NISSAN","BLANCO/GRIS","2026","3N6AD35A7TL669625","TIERRA BLANCA",0,"",2,"4188981",19/08/2026,"PV3","DETENIDA EN PLANTA VALIDACION DE CALIDAD","QR25701346H","","GCMA7","","NACIONAL","","",378891.10,0.00,378891.10
"EN TRANSITO","31808","NP300 CHASIS CAB VDC 2.5L 4 CIL TM 4X2 AA","NISSAN","ROJO/GRIS","2026","3N6AD35A0TL670020","ORIZABA",0,"",1,"4189749",20/08/2026,"PV3","(ORIZABA), CANAL ASIG. : ALLOCAT - INDEFINIDO","QR25702008H","","GCMA7","","NACIONAL","","",378891.10,0.00,378891.10
"EN TRANSITO","31820","NP300 CHASIS CAB VDC 2.5L 4 CIL TM 4X2 AA","NISSAN","ROJO/GRIS","2026","3N6AD35A9TL670002","TUXTEPEC",0,"",1,"4189932",20/08/2026,"PV3","(TUXTEPEC) (# CONCS. : 00524), CANAL ASIG. : ALLOCAT - INDEFINIDO","QR25702050H","","GCMA7","","NACIONAL","","",378891.10,0.00,378891.10
"EN TRANSITO","31821","NP300 CHASIS CAB VDC 2.5L 4 CIL TM 4X2 AA","NISSAN","PLATA/GRIS","2026","3N6AD35A2TL664042","TUXTEPEC",0,"",1,"4189931",20/08/2026,"PV3","(TUXTEPEC) (# CONCS. : 00524), CANAL ASIG. : ALLOCAT - INDEFINIDO","QR25696502H","","GCMA7","","NACIONAL","","",378891.10,0.00,378891.10
"EN TRANSITO","30494","FRONTIER SE 2.5L 4 CIL TM 4X2 AA","NISSAN","BLANCO/NEGRO","2026","3N6AD33A0TL650028","CORDOBA",0,"",106,"4136341",07/05/2026,"P2F","PENDIENTE CANCELACION","QR25681095H","","GFMB2","","NACIONAL","","",380248.26,0.00,380248.26
"BODEGA JUCHITAN","30772","FRONTIER SE 2.5L 4 CIL TM 4X2 AA","NISSAN","BLANCO/NEGRO","2026","3N6AD33A9TL653171","JUCHITAN",0,"",85,"4144484",28/05/2026,"PV3","BARRA DEPORTIVA, TUMBABURROS DEPORTIVO $13,120","QR25685091H","","GFMB2","","NACIONAL","","",380248.26,0.00,380248.26
"BODEGA JUCHITAN","30773","FRONTIER SE 2.5L 4 CIL TM 4X2 AA","NISSAN","BLANCO/NEGRO","2026","3N6AD33A6TL653791","JUCHITAN",0,"",85,"4146004",28/05/2026,"PV3","BARRA DEPORTIVA, TUMABURROS DEPORTIVO $ 13,120","QR25685230H","","GFMB2","","NACIONAL","","",380248.26,0.00,380248.26
"BODEGA ORIZABA","30935","FRONTIER SE 2.5L 4 CIL TM 4X2 AA","NISSAN","BLANCO/NEGRO","2026","3N6AD33A3TL654722","ORIZABA",0,"SIRENIA DIAZ LAVALLE",74,"4151112",08/06/2026,"PV3","21/08/26 524 APOLONIA MORALES BRAS | CAJA DE HERRAMIENTA + ESTRIBO+ PORTA PLACA+TEPETE","QR25685657H","","GFMB2","","NACIONAL","","",380248.26,16869.23,397117.49
"PEÑUELA","30939","FRONTIER SE 2.5L 4 CIL TM 4X2 AA","NISSAN","BLANCO/NEGRO","2026","3N6AD33A1TL656632","CORDOBA",0,"",74,"4151111",08/06/2026,"PF5","DISPONIBLE | FLOTILLA","QR25688730H","","GFMB2","","NACIONAL","","",380248.26,0.00,380248.26
"PEÑUELA","30940","FRONTIER SE 2.5L 4 CIL TM 4X2 AA","NISSAN","BLANCO/NEGRO","2026","3N6AD33A5TL656830","CORDOBA",0,"",74,"4151114",08/06/2026,"PF5","DISPONIBLE | FLOTILLA","QR25689181H","","GFMB2","","NACIONAL","","",380248.26,0.00,380248.26
"PEÑUELA","30941","FRONTIER SE 2.5L 4 CIL TM 4X2 AA","NISSAN","BLANCO/NEGRO","2026","3N6AD33A9TL656782","CORDOBA",0,"",74,"4151115",08/06/2026,"PF5","DISPONIBLE | FLOTILLA","QR25689033H","","GFMB2","","NACIONAL","","",380248.26,0.00,380248.26
"PEÑUELA","31013","FRONTIER SE 2.5L 4 CIL TM 4X2 AA","NISSAN","BLANCO/NEGRO","2026","3N6AD33A5TL656262","CORDOBA",0,"",70,"4153768",12/06/2026,"PF5","DISPONIBLE | FLOTILLA","QR25688172H","","GFMB2","","NACIONAL","","",380248.26,0.00,380248.26
"BODEGA ORIZABA","31038","FRONTIER SE 2.5L 4 CIL TM 4X2 AA","NISSAN","BLANCO/NEGRO","2026","3N6AD33A5TL657847","ORIZABA",0,"",67,"4155066",15/06/2026,"PV3","ESTRIBO+ BEDLINDER+ PORTAPLACA+ TAPETE","QR25689800H","","GFMB2","","NACIONAL","","",380248.26,11599.52,391847.78
"BODEGA ORIZABA","31135","FRONTIER SE 2.5L 4 CIL TM 4X2 AA","NISSAN","BLANCO/NEGRO","2026","3N6AD33A5TL659226","ORIZABA",0,"",60,"4158706",22/06/2026,"PV3","BEDLINER + TAPETE + PORTAPLACA","QR25691376H","","GFMB2","","NACIONAL","","",380248.26,5091.19,385339.45
"BODEGA ORIZABA","31184","FRONTIER SE 2.5L 4 CIL TM 4X2 AA","NISSAN","BLANCO/NEGRO","2026","3N6AD33A6TL659509","ORIZABA",0,"",56,"4161984",26/06/2026,"PV3","UNIDAD ROTULADA EN EXHIBICION","QR25691255H","","GFMB2","","NACIONAL","","",380248.26,0.00,380248.26
"BODEGA JUCHITAN","31212","FRONTIER SE 2.5L 4 CIL TM 4X2 AA","NISSAN","BLANCO/NEGRO","2026","3N6AD33A5TL659484","JUCHITAN",0,"",56,"4162413",26/06/2026,"PV3","DAÑO RAYON","QR25692844H","","GFMB2","","NACIONAL","","",380248.26,0.00,380248.26
"BODEGA JUCHITAN","31358","FRONTIER SE 2.5L 4 CIL TM 4X2 AA","NISSAN","BLANCO/NEGRO","2026","3N6AD33A4TL662473","JUCHITAN",0,"",41,"4169972",11/07/2026,"PV3","(JUCHITAN) (# CONCS. : 00525), CANAL ASIG. : AVR/MAR - DIRECTA NMX","QR25695129H","","GFMB2","","NACIONAL","","",380248.26,0.00,380248.26
"BODEGA JUCHITAN","31359","FRONTIER SE 2.5L 4 CIL TM 4X2 AA","NISSAN","BLANCO/NEGRO","2026","3N6AD33AXTL660968","JUCHITAN",0,"",41,"4169973",11/07/2026,"PV3","(JUCHITAN) (# CONCS. : 00525), CANAL ASIG. : AVR/MAR - DIRECTA NMX","QR25692192H","","GFMB2","","NACIONAL","","",380248.26,0.00,380248.26
"BODEGA TUXTEPEC","31365","FRONTIER SE 2.5L 4 CIL TM 4X2 AA","NISSAN","BLANCO/NEGRO","2026","3N6AD33A3TL662531","TUXTEPEC",1,"JOSE ANTONIO PEREZ M",38,"4170641",14/07/2026,"PV3","20/08/26 524 LEONARDO ANDRADE SANCHEZ","QR25694455H","","GFMB2","","NACIONAL","","",380248.26,0.00,380248.26
"BODEGA JUCHITAN","31370","FRONTIER SE 2.5L 4 CIL TM 4X2 AA","NISSAN","BLANCO/NEGRO","2026","3N6AD33A6TL661549","JUCHITAN",0,"",38,"4170642",14/07/2026,"PV3","(JUCHITAN) (# CONCS. : 00525), CANAL ASIG. : AVR/MAR - DIRECTA NMX","QR25693680H","","GFMB2","","NACIONAL","","",380248.26,0.00,380248.26
"BODEGA ORIZABA","31375","FRONTIER SE 2.5L 4 CIL TM 4X2 AA","NISSAN","BLANCO/NEGRO","2026","3N6AD33A4TL662859","ORIZABA",0,"",37,"4171581",15/07/2026,"PV3","(ORIZABA), CANAL ASIG. : ALLOCAT - INDEFINIDO","QR25695549H","","GFMB2","","NACIONAL","","",380248.26,0.00,380248.26
"BODEGA ORIZABA","31376","FRONTIER SE 2.5L 4 CIL TM 4X2 AA","NISSAN","BLANCO/NEGRO","2026","3N6AD33A6TL661891","ORIZABA",0,"",37,"4171584",15/07/2026,"PV3","(ORIZABA), CANAL ASIG. : ALLOCAT - INDEFINIDO","QR25694870H","","GFMB2","","NACIONAL","","",380248.26,0.00,380248.26
"BODEGA ORIZABA","31377","FRONTIER SE 2.5L 4 CIL TM 4X2 AA","NISSAN","BLANCO/NEGRO","2026","3N6AD33A8TL662430","ORIZABA",0,"",37,"4171585",15/07/2026,"PV3","(ORIZABA), CANAL ASIG. : ALLOCAT - INDEFINIDO","QR25693839H","","GFMB2","","NACIONAL","","",380248.26,0.00,380248.26
"PEÑUELA","31380","FRONTIER SE 2.5L 4 CIL TM 4X2 AA","NISSAN","BLANCO/NEGRO","2026","3N6AD33A4TL662456","CORDOBA",0,"",37,"4171580",15/07/2026,"PV3","18/08/26 416 GENOVEVA MENDOZA ALCANTARA | ESTRIBOS DEPORTIVOS, PORTAPLACA, NITRO ACCESORIO TAPON","QR25694160H","","GFMB2","","NACIONAL","","",380248.26,0.00,380248.26
"PEÑUELA","31381","FRONTIER SE 2.5L 4 CIL TM 4X2 AA","NISSAN","BLANCO/NEGRO","2026","3N6AD33A5TL661946","CORDOBA",0,"",37,"4171582",15/07/2026,"PV3","19/08/26 416 JIMMY JONATHAN ZUÑIGA RINCON","QR25693995H","","GFMB2","","NACIONAL","","",380248.26,0.00,380248.26
"PEÑUELA","31382","FRONTIER SE 2.5L 4 CIL TM 4X2 AA","NISSAN","BLANCO/NEGRO","2026","3N6AD33A5TL663261","CORDOBA",0,"",37,"4171583",15/07/2026,"PV3","ESTRIBOS DEPORTIVOS, PORTAPLACA, NITRO ACCESORIO TAPON","QR25696270H","","GFMB2","","NACIONAL","","",380248.26,0.00,380248.26
"BODEGA ORIZABA","31389","FRONTIER SE 2.5L 4 CIL TM 4X2 AA","NISSAN","BLANCO/NEGRO","2026","3N6AD33A4TL662313","ORIZABA",0,"",36,"4172541",16/07/2026,"PV3","(ORIZABA), CANAL ASIG. : AVR/MAR - DIRECTA NMX","QR25694843H","","GFMB2","","NACIONAL","","",380248.26,0.00,380248.26
"BODEGA TUXTEPEC","31390","FRONTIER SE 2.5L 4 CIL TM 4X2 AA","NISSAN","BLANCO/NEGRO","2026","3N6AD33A0TL661160","TUXTEPEC",0,"",36,"4172688",16/07/2026,"PV3","(TUXTEPEC) (# CONCS. : 00524), CANAL ASIG. : AVR/MAR - DIRECTA NMX","QR25693690H","","GFMB2","","NACIONAL","","",380248.26,0.00,380248.26
"BODEGA JUCHITAN","31391","FRONTIER SE 2.5L 4 CIL TM 4X2 AA","NISSAN","BLANCO/NEGRO","2026","3N6AD33A8TL661195","JUCHITAN",0,"",36,"4172689",16/07/2026,"PV3","(JUCHITAN) (# CONCS. : 00525), CANAL ASIG. : AVR/MAR - DIRECTA NMX","QR25692541H","","GFMB2","","NACIONAL","","",380248.26,0.00,380248.26
"BODEGA TUXTEPEC","31527","FRONTIER SE 2.5L 4 CIL TM 4X2 AA","NISSAN","BLANCO/NEGRO","2026","3N6AD33A4TL661047","TUXTEPEC",0,"",22,"4178931",30/07/2026,"PV3","(TUXTEPEC) (# CONCS. : 00524), CANAL ASIG. : AVR/MAR - DIRECTA NMX","QR25692330H","","GFMB2","","NACIONAL","","",380248.26,0.00,380248.26
"EN TRANSITO","31534","FRONTIER SE 2.5L 4 CIL TM 4X2 AA","NISSAN","BLANCO/NEGRO","2026","3N6AD33A4TL661064","SALINA CRUZ",0,"",22,"4178932",30/07/2026,"PDE","DEMO | SALINA CRUZ 31 JULIO 26","QR25692335H","","GFMB2","","NACIONAL","","",380248.26,0.00,380248.26
"PEÑUELA","31574","FRONTIER SE 2.5L 4 CIL TM 4X2 AA","NISSAN","BLANCO/NEGRO","2026","3N6AD33AXTL666415","CORDOBA",0,"",17,"4181938",04/08/2026,"PV3","(CORDOBA) (# CONCS. : 00416), CANAL ASIG. : ALLOCAT - INDEFINIDO","QR25698059H","","GFMB2","","NACIONAL","","",380389.10,0.00,380389.10
"BODEGA ORIZABA","31597","FRONTIER SE 2.5L 4 CIL TM 4X2 AA","NISSAN","BLANCO/NEGRO","2026","3N6AD33A3TL666501","ORIZABA",0,"",16,"4182577",05/08/2026,"PV3","(ORIZABA), CANAL ASIG. : ALLOCAT - INDEFINIDO","QR25699431H","","GFMB2","","NACIONAL","","",380389.10,0.00,380389.10
"BODEGA ORIZABA","31598","FRONTIER SE 2.5L 4 CIL TM 4X2 AA","NISSAN","BLANCO/NEGRO","2026","3N6AD33A7TL666520","ORIZABA",0,"",16,"4182579",05/08/2026,"PV3","(ORIZABA), CANAL ASIG. : ALLOCAT - INDEFINIDO","QR25699471H","","GFMB2","","NACIONAL","","",380389.10,0.00,380389.10
"BODEGA ORIZABA","31599","FRONTIER SE 2.5L 4 CIL TM 4X2 AA","NISSAN","BLANCO/NEGRO","2026","3N6AD33A9TL666700","ORIZABA",0,"",16,"4182581",05/08/2026,"PV3","(ORIZABA), CANAL ASIG. : ALLOCAT - INDEFINIDO","QR25698820H","","GFMB2","","NACIONAL","","",380389.10,0.00,380389.10
"PEÑUELA","31613","FRONTIER SE 2.5L 4 CIL TM 4X2 AA","NISSAN","BLANCO/NEGRO","2026","3N6AD33A6TL666380","CORDOBA",0,"",16,"4182578",05/08/2026,"PV3","(CORDOBA) (# CONCS. : 00416), CANAL ASIG. : ALLOCAT - INDEFINIDO","QR25698852H","","GFMB2","","NACIONAL","","",380389.10,0.00,380389.10
"PEÑUELA","31614","FRONTIER SE 2.5L 4 CIL TM 4X2 AA","NISSAN","BLANCO/NEGRO","2026","3N6AD33A7TL666548","CORDOBA",0,"",16,"4182580",05/08/2026,"PV3","(CORDOBA) (# CONCS. : 00416), CANAL ASIG. : ALLOCAT - INDEFINIDO","QR25699348H","","GFMB2","","NACIONAL","","",380389.10,0.00,380389.10
"BODEGA TUXTEPEC","31622","FRONTIER SE 2.5L 4 CIL TM 4X2 AA","NISSAN","BLANCO/NEGRO","2026","3N6AD33A0TL666682","TUXTEPEC",0,"",16,"4182678",05/08/2026,"PV3","(TUXTEPEC) (# CONCS. : 00524), CANAL ASIG. : ALLOCAT - INDEFINIDO","QR25698668H","","GFMB2","","NACIONAL","","",380389.10,0.00,380389.10
"BODEGA TUXTEPEC","31623","FRONTIER SE 2.5L 4 CIL TM 4X2 AA","NISSAN","BLANCO/NEGRO","2026","3N6AD33A3TL666546","TUXTEPEC",0,"",16,"4182680",05/08/2026,"PV3","(TUXTEPEC) (# CONCS. : 00524), CANAL ASIG. : ALLOCAT - INDEFINIDO","QR25699350H","","GFMB2","","NACIONAL","","",380389.10,0.00,380389.10
"BODEGA TUXTEPEC","31624","FRONTIER SE 2.5L 4 CIL TM 4X2 AA","NISSAN","BLANCO/NEGRO","2026","3N6AD33A6TL666590","TUXTEPEC",0,"",16,"4182682",05/08/2026,"PV3","(TUXTEPEC) (# CONCS. : 00524), CANAL ASIG. : ALLOCAT - INDEFINIDO","QR25699404H","","GFMB2","","NACIONAL","","",380389.10,0.00,380389.10
"BODEGA JUCHITAN","31636","FRONTIER SE 2.5L 4 CIL TM 4X2 AA","NISSAN","BLANCO/NEGRO","2026","3N6AD33A2TL666523","JUCHITAN",0,"",16,"4182679",05/08/2026,"PV3","(JUCHITAN) (# CONCS. : 00525), CANAL ASIG. : ALLOCAT - INDEFINIDO","QR25699495H","","GFMB2","","NACIONAL","","",380389.10,0.00,380389.10
"BODEGA JUCHITAN","31637","FRONTIER SE 2.5L 4 CIL TM 4X2 AA","NISSAN","BLANCO/NEGRO","2026","3N6AD33A8TL666493","JUCHITAN",0,"",16,"4182684",05/08/2026,"PV3","(JUCHITAN) (# CONCS. : 00525), CANAL ASIG. : ALLOCAT - INDEFINIDO","QR25699452H","","GFMB2","","NACIONAL","","",380389.10,0.00,380389.10
"BODEGA SALINA CRUZ","31646","FRONTIER SE 2.5L 4 CIL TM 4X2 AA","NISSAN","BLANCO/NEGRO","2026","3N6AD33A0TL666519","SALINA CRUZ",0,"",16,"4182677",05/08/2026,"PV3","(SALINA CRUZ) (# CONCS. : 00526), CANAL ASIG. : ALLOCAT - INDEFINIDO","QR25699474H","","GFMB2","","NACIONAL","","",380389.10,0.00,380389.10
"BODEGA ORIZABA","31655","FRONTIER SE 2.5L 4 CIL TM 4X2 AA","NISSAN","BLANCO/NEGRO","2026","3N6AD33A9TL666518","ORIZABA",0,"",15,"4183161",06/08/2026,"PV3","(ORIZABA), CANAL ASIG. : ALLOCAT - INDEFINIDO","QR25699473H","","GFMB2","","NACIONAL","","",380389.10,0.00,380389.10
"BODEGA JUCHITAN","31663","FRONTIER SE 2.5L 4 CIL TM 4X2 AA","NISSAN","BLANCO/NEGRO","2026","3N6AD33A4TL666636","JUCHITAN",0,"",15,"4183367",06/08/2026,"PV3","(JUCHITAN) (# CONCS. : 00525), CANAL ASIG. : ALLOCAT - INDEFINIDO","QR25698801H","","GFMB2","","NACIONAL","","",380389.10,0.00,380389.10
"BODEGA TIERRABLANCA","31665","FRONTIER SE 2.5L 4 CIL TM 4X2 AA","NISSAN","PLATA/NEGRO","2026","3N6AD33A1TL667324","TIERRA BLANCA",1,"PATRICIA HERNANDEZ M",14,"4184008",07/08/2026,"PV3","20/08/26 406 PANZO PANZO NABOR","QR25700476H","","GFMB2","","NACIONAL","","",380389.10,0.00,380389.10
"BODEGA JUCHITAN","31718","FRONTIER SE 2.5L 4 CIL TM 4X2 AA","NISSAN","BLANCO/NEGRO","2026","3N6AD33AXTL667905","JUCHITAN",0,"",10,"4185829",11/08/2026,"PV3","(JUCHITAN) (# CONCS. : 00525), CANAL ASIG. : ALLOCAT - INDEFINIDO","QR25699551H","","GFMB2","","NACIONAL","","",380389.10,0.00,380389.10
"EN TRANSITO","31732","FRONTIER SE 2.5L 4 CIL TM 4X2 AA","NISSAN","BLANCO/NEGRO","2026","3N6AD33A7TL668204","SALINA CRUZ",0,"",9,"4186410",12/08/2026,"PV3","DETENIDA EN PLANTA VALIDACION DE CALIDAD","QR25700820H","","GFMB2","","NACIONAL","","",380389.10,0.00,380389.10
"EN TRANSITO","31751","FRONTIER SE 2.5L 4 CIL TM 4X2 AA","NISSAN","BLANCO/NEGRO","2026","3N6AD33A4TL668337","TUXTEPEC",0,"",7,"4187242",14/08/2026,"PV3","(TUXTEPEC) (# CONCS. : 00524), CANAL ASIG. : ALLOCAT - INDEFINIDO","QR25700220H","","GFMB2","","NACIONAL","","",380389.10,0.00,380389.10
"EN TRANSITO","31760","FRONTIER SE 2.5L 4 CIL TM 4X2 AA","NISSAN","BLANCO/NEGRO","2026","3N6AD33AXTL669184","CORDOBA",0,"",4,"4187979",17/08/2026,"PV3","(CORDOBA) (# CONCS. : 00416), CANAL ASIG. : ALLOCAT - INDEFINIDO","QR25702254H","","GFMB2","","NACIONAL","","",380389.10,0.00,380389.10
"EN TRANSITO","31761","FRONTIER SE 2.5L 4 CIL TM 4X2 AA","NISSAN","BLANCO/NEGRO","2026","3N6AD33A1TL669039","CORDOBA",0,"",4,"4187978",17/08/2026,"PV3","(CORDOBA) (# CONCS. : 00416), CANAL ASIG. : ALLOCAT - INDEFINIDO","QR25702082H","","GFMB2","","NACIONAL","","",380389.10,0.00,380389.10
"EN TRANSITO","31764","FRONTIER SE 2.5L 4 CIL TM 4X2 AA","NISSAN","ROJO/NEGRO","2026","3N6AD33A0TL669260","TUXTEPEC",0,"",4,"4188036",17/08/2026,"PV3","DETENIDA EN PLANTA VALIDACION DE CALIDAD","QR25702067H","","GFMB2","","NACIONAL","","",380389.10,0.00,380389.10
"EN TRANSITO","31771","FRONTIER SE 2.5L 4 CIL TM 4X2 AA","NISSAN","GRIS OXFORD/NEGRO","2026","3N6AD33A2TL669230","JUCHITAN",0,"",4,"4188038",17/08/2026,"PV3","18/08/26 406 CASTILLO MERINO FABIOLA ARACELY","QR25701929H","","GFMB2","","NACIONAL","","",380389.10,0.00,380389.10
"EN TRANSITO","31791","FRONTIER SE 2.5L 4 CIL TM 4X2 AA","NISSAN","PLATA/NEGRO","2026","3N6AD33A3TL668510","SALINA CRUZ",1,"YARA LOPEZ NAJERA",3,"4188558",18/08/2026,"PV3","20/08/26 526 MARIO HERNANDEZ VILLALOBOS","QR25701410H","","GFMB2","","NACIONAL","","",380389.10,0.00,380389.10
"EN TRANSITO","31806","FRONTIER SE 2.5L 4 CIL TM 4X2 AA","NISSAN","ROJO/NEGRO","2026","3N6AD33A0TL669789","ORIZABA",0,"MARIA GUADALUPE TERR",1,"4189750",20/08/2026,"PV3","21/08/26 524 EVA SILVA ROMERO","QR25702179H","","GFMB2","","NACIONAL","","",380389.10,0.00,380389.10
"EN TRANSITO","31807","FRONTIER SE 2.5L 4 CIL TM 4X2 AA","NISSAN","ROJO/NEGRO","2026","3N6AD33A2TL669793","ORIZABA",0,"ERICK MORENO ROJAS",1,"4189751",20/08/2026,"PV3","21/08/26 406 RINCON ARGUELLO JOSE MARTIN","QR25702936H","","GFMB2","","NACIONAL","","",380389.10,0.00,380389.10
"EN TRANSITO","31815","FRONTIER SE 2.5L 4 CIL TM 4X2 AA","NISSAN","PLATA/NEGRO","2026","3N6AD33A4TL670072","CORDOBA",0,"",1,"4189752",20/08/2026,"PV3","(CORDOBA) (# CONCS. : 00416), CANAL ASIG. : ALLOCAT - INDEFINIDO","QR25703220H","","GFMB2","","NACIONAL","","",380389.10,0.00,380389.10
"PEÑUELA","29741","FRONTIER LE 2.5L 4 CIL TM 4 PTAS 4X2 AA","NISSAN","BLANCO/NEGRO","2026","3N6AD33AXTK817131","CORDOBA",0,"",165,"4106142",09/03/2026,"PV3","SEGURO DE LLANTA REFACC TIPO 1 $ 3,210 + CAJA DE HERRAMIENTAS $ 4,400.00","QR25669981H","","GFMB21","","NACIONAL","","",488094.26,0.00,488094.26
"BODEGA TUXTEPEC","29783","FRONTIER LE 2.5L 4 CIL TM 4 PTAS 4X2 AA","NISSAN","PLATA/NEGRO","2026","3N6AD33A9TK825592","TUXTEPEC",0,"",162,"4107637",12/03/2026,"PV3","ESTRIBOS","QR25676948H","","GFMB21","","NACIONAL","","",488094.26,0.00,488094.26
"BODEGA JUCHITAN","29789","FRONTIER LE 2.5L 4 CIL TM 4 PTAS 4X2 AA","NISSAN","PLATA/NEGRO","2026","3N6AD33A9TK824197","JUCHITAN",0,"",162,"4107635",12/03/2026,"PV3","BARRA DEPORTIVA, TUMABURROS DEPORTIVO $ 13,120","QR25676089H","","GFMB21","","NACIONAL","","",488094.26,13912.67,502006.93
"BODEGA SALINA CRUZ","29790","FRONTIER LE 2.5L 4 CIL TM 4 PTAS 4X2 AA","NISSAN","PLATA/NEGRO","2026","3N6AD33A9TK824698","SALINA CRUZ",0,"",162,"4107636",12/03/2026,"PV3","SEGURO DE LLANTA REFACC TIPO 1 $ 3,210 + CAJA DE HERRAMIENTAS $ 4,400.00","QR25676726H","","GFMB21","","NACIONAL","","",488094.26,0.00,488094.26
"BODEGA ORIZABA","29825","FRONTIER LE 2.5L 4 CIL TM 4 PTAS 4X2 AA","NISSAN","BLANCO/NEGRO","2026","3N6AD33A7TK825820","ORIZABA",0,"",156,"4112737",18/03/2026,"PV3","SEGURO DE LLANTA REFACC TIPO 1 $ 3,210 + CAJA DE HERRAMIENTAS $ 4,400.00","QR25678406H","","GFMB21","","NACIONAL","","",488094.26,3442.48,491536.74
"PEÑUELA","29933","FRONTIER LE 2.5L 4 CIL TM 4 PTAS 4X2 AA","NISSAN","BLANCO/NEGRO","2026","3N6AD33A2TK825708","CORDOBA",0,"",150,"4116262",24/03/2026,"PV3","TUMBABURROS DEPORTIVO $ 13,120 + TAPETE HULE FRONTIER $ 1,570","QR25677646H","","GFMB21","","NACIONAL","","",488094.26,164188.54,652282.80
"BODEGA JUCHITAN","30017","FRONTIER LE 2.5L 4 CIL TM 4 PTAS 4X2 AA","NISSAN","PLATA/NEGRO","2026","3N6AD33A0TK825593","JUCHITAN",0,"",150,"4116475",24/03/2026,"PV3","TUMBABURROS DEPORTIVO $ 13,120 + TAPETE HULE FRONTIER $ 1,570","QR25678052H","","GFMB21","","NACIONAL","","",488094.26,0.00,488094.26
"PEÑUELA","30167","FRONTIER LE 2.5L 4 CIL TM 4 PTAS 4X2 AA","NISSAN","PLATA/NEGRO","2026","3N6AD33A5TK827582","CORDOBA",0,"",144,"4121154",30/03/2026,"PV3","PORTAPLACAS CROMADO, NITRO ACCESORIO TAPON","QR25679778H","","GFMB21","","NACIONAL","","",488094.26,0.00,488094.26
"PEÑUELA","30215","FRONTIER LE 2.5L 4 CIL TM 4 PTAS 4X2 AA","NISSAN","PLATA/NEGRO","2026","3N6AD33A3TK828777","CORDOBA",0,"",143,"4123223",31/03/2026,"PV3","SEGURO DE LLANTA REFACC TIPO 1 $ 3,210 + CAJA DE HERRAMIENTAS $ 4,400.00","QR25680406H","","GFMB21","","NACIONAL","","",488094.26,258978.44,747072.70
"BODEGA TUXTEPEC","30228","FRONTIER LE 2.5L 4 CIL TM 4 PTAS 4X2 AA","NISSAN","PLATA/NEGRO","2026","3N6AD33A7TK828717","TUXTEPEC",0,"",143,"4123432",31/03/2026,"PV3","ESTRIBOS","QR25680802H","","GFMB21","","NACIONAL","","",488094.26,0.00,488094.26
"EN TRANSITO","30359","FRONTIER LE 2.5L 4 CIL TM 4 PTAS 4X2 AA","NISSAN","BLANCO/NEGRO","2026","3N6AD33A0TL650367","SALINA CRUZ",0,"",116,"4130623",27/04/2026,"PV3","SE CANCELARÁ | NO DISPONIBLE MOTOR INCOMPLETO","QR25XXX   X","","GFMB21","","NACIONAL","","",488216.26,0.00,488216.26
"BODEGA SALINA CRUZ","30573","FRONTIER LE 2.5L 4 CIL TM 4 PTAS 4X2 AA","NISSAN","PLATA/NEGRO","2026","3N6AD33A1TL651589","SALINA CRUZ",0,"",97,"4139469",16/05/2026,"PV3","TUMBABURROS DEPORTIVO","QR25683027H","","GFMB21","","NACIONAL","","",488216.26,0.00,488216.26
"BODEGA TIERRABLANCA","30630","FRONTIER LE 2.5L 4 CIL TM 4 PTAS 4X2 AA","NISSAN","BLANCO/NEGRO","2026","3N6AD33A0TL651874","TIERRA BLANCA",0,"",93,"4141479",20/05/2026,"PV3","DISPONIBLE","QR25683949H","","GFMB21","","NACIONAL","","",488216.26,0.00,488216.26
"BODEGA ORIZABA","30733","FRONTIER LE 2.5L 4 CIL TM 4 PTAS 4X2 AA","NISSAN","BLANCO/NEGRO","2026","3N6AD33A6TL654763","ORIZABA",0,"",85,"4145674",28/05/2026,"PV3","(ORIZABA), CANAL ASIG. : AVR/MAR - DIRECTA NMX","QR25684442H","","GFMB21","","NACIONAL","","",488216.26,0.00,488216.26
"BODEGA SALINA CRUZ","30847","FRONTIER LE 2.5L 4 CIL TM 4 PTAS 4X2 AA","NISSAN","ROJO/NEGRO","2026","3N6AD33A0TL650174","SALINA CRUZ",0,"",83,"4148271",30/05/2026,"PV3","ESTRIBOS LATERALES","QR25681313H","","GFMB21","","NACIONAL","","",488216.26,0.00,488216.26
"PEÑUELA","30870","FRONTIER LE 2.5L 4 CIL TM 4 PTAS 4X2 AA","NISSAN","BLANCO/NEGRO","2026","3N6AD33A3TL655420","CORDOBA",0,"",82,"4149099",31/05/2026,"PV3","TUMBABURROS DEPORTIVO $ 13,120 + TAPETE HULE FRONTIER $ 1,570","QR25687808H","","GFMB21","","NACIONAL","","",488216.26,0.00,488216.26
"BODEGA TUXTEPEC","30951","FRONTIER LE 2.5L 4 CIL TM 4 PTAS 4X2 AA","NISSAN","ROJO/NEGRO","2026","3N6AD33A2TL650192","TUXTEPEC",0,"",74,"4151240",08/06/2026,"PV3","DISPONIBLE","QR25681629H","","GFMB21","","NACIONAL","","",488216.26,0.00,488216.26
"PEÑUELA","31003","FRONTIER LE 2.5L 4 CIL TM 4 PTAS 4X2 AA","NISSAN","BLANCO/NEGRO","2026","3N6AD33A6TK818146","CORDOBA",0,"",71,"0061378",11/06/2026,"ODF","TUMBABURROS DEPORTIVO,TAPETE HULE, NITRO ACCESORIO TAPON","QR25670609H","","GFMB21","","NACIONAL","","",486369.55,0.00,486369.55
"BODEGA SALINA CRUZ","31060","FRONTIER LE 2.5L 4 CIL TM 4 PTAS 4X2 AA","NISSAN","ROJO/NEGRO","2026","3N6AD33AXTL653051","SALINA CRUZ",0,"",66,"4155908",16/06/2026,"PV3","BARRA DEPORTIVA","QR25685140H","","GFMB21","","NACIONAL","","",488216.26,0.00,488216.26
"BODEGA ORIZABA","31077","FRONTIER LE 2.5L 4 CIL TM 4 PTAS 4X2 AA","NISSAN","PLATA/NEGRO","2026","3N6AD33A8TL653680","ORIZABA",0,"",64,"4157178",18/06/2026,"PV3","(ORIZABA), CANAL ASIG. : ALLOCAT - INDEFINIDO","QR25684654H","","GFMB21","","NACIONAL","","",488216.26,0.00,488216.26
"BODEGA TUXTEPEC","31086","FRONTIER LE 2.5L 4 CIL TM 4 PTAS 4X2 AA","NISSAN","PLATA/NEGRO","2026","3N6AD33A8TL653467","TUXTEPEC",0,"",64,"4157177",18/06/2026,"PV3","DISPONIBLE","QR25684844H","","GFMB21","","NACIONAL","","",488216.26,0.00,488216.26
"BODEGA TUXTEPEC","31100","FRONTIER LE 2.5L 4 CIL TM 4 PTAS 4X2 AA","NISSAN","ROJO/NEGRO","2026","3N6AD33A8TL658023","TUXTEPEC",0,"",64,"4157411",18/06/2026,"PV3","(TUXTEPEC) (# CONCS. : 00524), CANAL ASIG. : ALLOCAT - INDEFINIDO","QR25690400H","","GFMB21","","NACIONAL","","",488216.26,0.00,488216.26
"BODEGA TUXTEPEC","31528","FRONTIER LE 2.5L 4 CIL TM 4 PTAS 4X2 AA","NISSAN","PLATA/NEGRO","2026","3N6AD33A0TL661062","TUXTEPEC",0,"",22,"4178934",30/07/2026,"PV3","(TUXTEPEC) (# CONCS. : 00524), CANAL ASIG. : ALLOCAT - INDEFINIDO","QR25692338H","","GFMB21","","NACIONAL","","",488216.26,0.00,488216.26
"PEÑUELA","31693","FRONTIER LE 2.5L 4 CIL TM 4 PTAS 4X2 AA","NISSAN","BLANCO/NEGRO","2026","3N6AD33A4TL667723","CORDOBA",0,"",11,"4185069",10/08/2026,"PV3","(CORDOBA) (# CONCS. : 00416), CANAL ASIG. : ALLOCAT - INDEFINIDO","QR25700009H","","GFMB21","","NACIONAL","","",488355.10,0.00,488355.10
"BODEGA JUCHITAN","31699","FRONTIER LE 2.5L 4 CIL TM 4 PTAS 4X2 AA","NISSAN","ROJO/NEGRO","2026","3N6AD33A2TL667509","JUCHITAN",0,"",11,"4185226",10/08/2026,"PV3","(JUCHITAN) (# CONCS. : 00525), CANAL ASIG. : ALLOCAT - INDEFINIDO","QR25699619H","","GFMB21","","NACIONAL","","",488355.10,0.00,488355.10
"BODEGA ORIZABA","31723","FRONTIER LE 2.5L 4 CIL TM 4 PTAS 4X2 AA","NISSAN","ROJO/NEGRO","2026","3N6AD33A6TL668310","ORIZABA",0,"",9,"4186296",12/08/2026,"PV3","(ORIZABA), CANAL ASIG. : ALLOCAT - INDEFINIDO","QR25701097H","","GFMB21","","NACIONAL","","",488355.10,0.00,488355.10
"EN TRANSITO","31778","FRONTIER LE 2.5L 4 CIL TM 4 PTAS 4X2 AA","NISSAN","GRIS OXFORD/NEGRO","2026","3N6AD33A8TL669507","ORIZABA",0,"",3,"4188407",18/08/2026,"PV3","DETENIDA EN PLANTA VALIDACION DE CALIDAD","QR25702485H","","GFMB21","","NACIONAL","","",488355.10,0.00,488355.10
"EN TRANSITO","31819","FRONTIER LE 2.5L 4 CIL TM 4 PTAS 4X2 AA","NISSAN","GRIS OXFORD/NEGRO","2026","3N6AD33A6TL669991","TUXTEPEC",0,"",1,"4189933",20/08/2026,"PV3","(TUXTEPEC) (# CONCS. : 00524), CANAL ASIG. : ALLOCAT - INDEFINIDO","QR25702061H","","GFMB21","","NACIONAL","","",488355.10,0.00,488355.10
"EN TRANSITO","29589","FRONTIER XE 2.5L TM 4X2 AA","NISSAN","BLANCO/NEGRO","2026","3N6AD33A5TK823693","CORDOBA",0,"",175,"4102917",27/02/2026,"PF5","02/03/26 FLOTA RES ENERGY","QR25674917H","","GFMX3-1","","NACIONAL","","",420139.26,0.00,420139.26
"EN TRANSITO","29671","FRONTIER XE 2.5L TM 4X2 AA","NISSAN","BLANCO/NEGRO","2026","3N6AD33A0TK824170","CORDOBA",0,"",174,"4104290",28/02/2026,"PF5","02/03/26 FLOTA RES ENERGY","QR25676347H","","GFMX3-1","","NACIONAL","","",420139.26,0.00,420139.26
"EN TRANSITO","29672","FRONTIER XE 2.5L TM 4X2 AA","NISSAN","BLANCO/NEGRO","2026","3N6AD33A1TK823075","CORDOBA",0,"",174,"4104291",28/02/2026,"PF5","02/03/26 FLOTA RES ENERGY","QR25675056H","","GFMX3-1","","NACIONAL","","",420139.26,0.00,420139.26
"EN TRANSITO","29673","FRONTIER XE 2.5L TM 4X2 AA","NISSAN","BLANCO/NEGRO","2026","3N6AD33AXTK823592","CORDOBA",0,"",174,"4104292",28/02/2026,"PF5","02/03/26 FLOTA RES ENERGY","QR25675782H","","GFMX3-1","","NACIONAL","","",420139.26,0.00,420139.26
"EN TRANSITO","29697","FRONTIER XE 2.5L TM 4X2 AA","NISSAN","BLANCO/NEGRO","2026","3N6AD33A6TK824223","CORDOBA",0,"",172,"4104731",02/03/2026,"PF5","02/03/26 FLOTA RES ENERGY","QR25676250H","","GFMX3-1","","NACIONAL","","",420139.26,0.00,420139.26
"EN TRANSITO","29778","FRONTIER XE 2.5L TM 4X2 AA","NISSAN","BLANCO/NEGRO","2026","3N6AD33A0TK824279","CORDOBA",0,"",162,"4107380",12/03/2026,"PF5","13/03/26 FLOTA ELEMENT FLEET","QR25675900H","","GFMX3-1","","NACIONAL","","",420139.26,0.00,420139.26
"EN TRANSITO","29808","FRONTIER XE 2.5L TM 4X2 AA","NISSAN","BLANCO/NEGRO","2026","3N6AD33A5TK825699","CORDOBA",0,"",160,"4109756",14/03/2026,"PF5","17/03/26 FLOTA ELEMENT FLEET","QR25677647H","","GFMX3-1","","NACIONAL","","",420139.26,0.00,420139.26
"EN TRANSITO","29809","FRONTIER XE 2.5L TM 4X2 AA","NISSAN","BLANCO/NEGRO","2026","3N6AD33A7TK825770","CORDOBA",0,"",160,"4109757",14/03/2026,"PF5","17/03/26 FLOTA ELEMENT FLEET","QR25677588H","","GFMX3-1","","NACIONAL","","",420139.26,0.00,420139.26
"EN TRANSITO","29810","FRONTIER XE 2.5L TM 4X2 AA","NISSAN","BLANCO/NEGRO","2026","3N6AD33A9TK825799","CORDOBA",0,"",160,"4109758",14/03/2026,"PF5","17/03/26 FLOTA ELEMENT FLEET","QR25677385H","","GFMX3-1","","NACIONAL","","",420139.26,0.00,420139.26
"EN TRANSITO","29811","FRONTIER XE 2.5L TM 4X2 AA","NISSAN","BLANCO/NEGRO","2026","3N6AD33A9TK825821","CORDOBA",0,"",160,"4109759",14/03/2026,"PF5","17/03/26 FLOTA ELEMENT FLEET","QR25678405H","","GFMX3-1","","NACIONAL","","",420139.26,0.00,420139.26
"EN TRANSITO","29827","FRONTIER XE 2.5L TM 4X2 AA","NISSAN","BLANCO/NEGRO","2026","3N6AD33A9TK825768","CORDOBA",0,"",156,"4112394",18/03/2026,"PF5","19/03/26 FLOTA ELEMENT FLEET","QR25677332H","","GFMX3-1","","NACIONAL","","",420139.26,0.00,420139.26
"EN TRANSITO","29841","FRONTIER XE 2.5L TM 4X2 AA","NISSAN","BLANCO/NEGRO","2026","3N6AD33A5TK825962","CORDOBA",0,"",155,"4113681",19/03/2026,"PF5","20/03/26 FLOTA ELEMENT FLEET","QR25677413H","","GFMX3-1","","NACIONAL","","",420139.26,0.00,420139.26
"EN TRANSITO","29842","FRONTIER XE 2.5L TM 4X2 AA","NISSAN","BLANCO/NEGRO","2026","3N6AD33A5TK826013","CORDOBA",0,"",155,"4113682",19/03/2026,"PF5","20/03/26 FLOTA ELEMENT FLEET","QR25677856H","","GFMX3-1","","NACIONAL","","",420139.26,0.00,420139.26
"EN TRANSITO","30169","FRONTIER XE 2.5L TM 4X2 AA","NISSAN","BLANCO/NEGRO","2026","3N6AD33A3TK827824","CORDOBA",0,"",144,"4121834",30/03/2026,"PF5","31/03/26 FLOTA ELEMENT FLEET","QR25679223H","","GFMX3-1","","NACIONAL","","",420139.26,0.00,420139.26
"EN TRANSITO","30199","FRONTIER XE 2.5L TM 4X2 AA","NISSAN","BLANCO/NEGRO","2026","3N6AD33A8TK827334","CORDOBA",0,"",143,"4122312",31/03/2026,"PF5","31/03/26 FLOTA ELEMENT FLEET","QR25678970H","","GFMX3-1","","NACIONAL","","",420139.26,0.00,420139.26
"EN TRANSITO","30200","FRONTIER XE 2.5L TM 4X2 AA","NISSAN","BLANCO/NEGRO","2026","3N6AD33A5TK826707","CORDOBA",0,"",143,"4122311",31/03/2026,"PF3","31/03/26 FLOTA ELEMENT FLEET","QR25679230H","","GFMX3-1","","NACIONAL","","",420139.26,0.00,420139.26
"EN TRANSITO","30201","FRONTIER XE 2.5L TM 4X2 AA","NISSAN","BLANCO/NEGRO","2026","3N6AD33A4TK827573","CORDOBA",0,"",143,"4121937",31/03/2026,"PF3","31/03/26 FLOTA ELEMENT FLEET","QR25679813H","","GFMX3-1","","NACIONAL","","",420139.26,0.00,420139.26
"EN TRANSITO","30218","FRONTIER XE 2.5L TM 4X2 AA","NISSAN","BLANCO/NEGRO","2026","3N6AD33A0TK827392","CORDOBA",0,"",143,"4123218",31/03/2026,"PF5","31/03/26 FLOTA ELEMENT FLEET","QR25678867H","","GFMX3-1","","NACIONAL","","",420139.26,0.00,420139.26
"EN TRANSITO","30219","FRONTIER XE 2.5L TM 4X2 AA","NISSAN","BLANCO/NEGRO","2026","3N6AD33A0TK827196","CORDOBA",0,"",143,"4122568",31/03/2026,"PF5","31/03/26 FLOTA ELEMENT FLEET","QR25678795H","","GFMX3-1","","NACIONAL","","",420139.26,0.00,420139.26
"EN TRANSITO","30220","FRONTIER XE 2.5L TM 4X2 AA","NISSAN","BLANCO/NEGRO","2026","3N6AD33A6TK826666","CORDOBA",0,"",143,"4122570",31/03/2026,"PF5","31/03/26 FLOTA ELEMENT FLEET","QR25679195H","","GFMX3-1","","NACIONAL","","",420139.26,0.00,420139.26
"EN TRANSITO","30221","FRONTIER XE 2.5L TM 4X2 AA","NISSAN","BLANCO/NEGRO","2026","3N6AD33AXTK827433","CORDOBA",0,"",143,"4123221",31/03/2026,"PF5","31/03/26 FLOTA ELEMENT FLEET","QR25678088H","","GFMX3-1","","NACIONAL","","",420139.26,0.00,420139.26
"EN TRANSITO","30222","FRONTIER XE 2.5L TM 4X2 AA","NISSAN","BLANCO/NEGRO","2026","3N6AD33A2TK827524","CORDOBA",0,"",143,"4122569",31/03/2026,"PF5","31/03/26 FLOTA ELEMENT FLEET","QR25679722H","","GFMX3-1","","NACIONAL","","",420139.26,0.00,420139.26
"EN TRANSITO","30223","FRONTIER XE 2.5L TM 4X2 AA","NISSAN","BLANCO/NEGRO","2026","3N6AD33A4TK827797","CORDOBA",0,"",143,"4123220",31/03/2026,"PF5","31/03/26 FLOTA ELEMENT FLEET","QR25679933H","","GFMX3-1","","NACIONAL","","",420139.26,0.00,420139.26
"EN TRANSITO","31799","FRONTIER XE 2.5L TM 4X2 AA","NISSAN","ROJO/NEGRO","2026","3N6AD33AXTL669752","TUXTEPEC",0,"",2,"4189199",19/08/2026,"PV3","DETENIDA EN PLANTA VALIDACION DE CALIDAD","QR25701255H","","GFMX3-1","","NACIONAL","","",420399.10,0.00,420399.10
"BODEGA TUXTEPEC","29682","NP300 PICK UP 2.5L 4 CIL TM 4X2 AA","NISSAN","BLANCO/GRIS","2026","3N6AD31A6TK823799","TUXTEPEC",0,"",174,"4104649",28/02/2026,"PV3","08/07/26 FLOTA MUNICIPIO SANTA MA GUINAGATI | TOMA DE INVENTARIO","QR25675482H","","GPMAE","","NACIONAL","","",380126.26,0.00,380126.26
"PEÑUELA","31330","NP300 PICK UP 2.5L 4 CIL TM 4X2 AA","NISSAN","BLANCO/GRIS","2026","3N6AD31AXTL662674","CORDOBA",0,"",44,"4168971",08/07/2026,"PV3","DAÑO MADRINA CARROCERÍA LADO IZQUIERDO","QR25695278H","","GPMAE","","NACIONAL","","",380248.26,0.00,380248.26
"BODEGA TUXTEPEC","30658","KAIT 5 PUERTAS ADVANCE 1.6 LTS., CVT","NISSAN","AZUL MEDITERRANEO/NEGRO","2027","94DCP5HEXVB101374","TUXTEPEC",0,"",92,"6340840",21/05/2026,"PV3","TARJETA DE 1 AÑO NCF","HR16469652P","","KAAC3","","NACIONAL","","",363272.52,0.00,363272.52
"BODEGA TUXTEPEC","30664","KAIT 5 PUERTAS ADVANCE 1.6 LTS., CVT","NISSAN","PLATA/NEGRO","2027","94DCP5HE7VB101428","TUXTEPEC",0,"",91,"6345740",22/05/2026,"PV3","TARJETA DE 1 AÑO NCF","HR16469182P","","KAAC3","","NACIONAL","","",363272.52,0.00,363272.52
"BODEGA SALINA CRUZ","30675","KAIT 5 PUERTAS ADVANCE 1.6 LTS., CVT","NISSAN","BLANCO PERLADO/NEGRO","2027","94DCP5HE6VB101081","SALINA CRUZ",0,"",89,"6349460",24/05/2026,"PV3","TARJETA CON 2 AÑOS ADICIONALES","HR16464286P","","KAAC3","","NACIONAL","","",363272.52,0.00,363272.52
"BODEGA TIERRABLANCA","30702","KAIT 5 PUERTAS ADVANCE 1.6 LTS., CVT","NISSAN","ROJO METALICO/NEGRO","2027","94DCP5HE3VB100969","TIERRA BLANCA",0,"",86,"6367270",27/05/2026,"PV3","(TIERRA BLANCA) (# CONCS. : 00410), CANAL ASIG. : ALLOCAT - INDEFINIDO","HR16463404P","","KAAC3","","NACIONAL","","",363272.52,0.00,363272.52
"PEÑUELA","30705","KAIT 5 PUERTAS ADVANCE 1.6 LTS., CVT","NISSAN","GRIS OXFORD/NEGRO","2027","94DCP5HEXVB101326","CORDOBA",0,"",86,"6367280",27/05/2026,"PV3","DISPONIBLE","HR16468707P","","KAAC3","","NACIONAL","","",363272.52,0.00,363272.52
"BODEGA JUCHITAN","30711","KAIT 5 PUERTAS ADVANCE 1.6 LTS., CVT","NISSAN","PLATA/NEGRO","2027","94DCP5HE2VB100896","JUCHITAN",0,"",86,"6359270",27/05/2026,"PV3","(JUCHITAN) (# CONCS. : 00525), CANAL ASIG. : ALLOCAT - INDEFINIDO","HR16463290P","","KAAC3","","NACIONAL","","",363272.52,0.00,363272.52
"BODEGA ORIZABA","30787","KAIT 5 PUERTAS ADVANCE 1.6 LTS., CVT","NISSAN","ROJO METALICO/NEGRO","2027","94DCP5HE5VB101816","ORIZABA",0,"",84,"6384540",29/05/2026,"PV3","(ORIZABA), CANAL ASIG. : ALLOCAT - INDEFINIDO","HR16477824P","","KAAC3","","NACIONAL","","",363272.52,0.00,363272.52
"PEÑUELA","30805","KAIT 5 PUERTAS ADVANCE 1.6 LTS., CVT","NISSAN","ROJO METALICO/NEGRO","2027","94DCP5HE2VB101725","CORDOBA",0,"",84,"6384530",29/05/2026,"PV3","(CORDOBA) (# CONCS. : 00416), CANAL ASIG. : ALLOCAT - INDEFINIDO","HR16464273P","","KAAC3","","NACIONAL","","",363272.52,0.00,363272.52
"BODEGA ORIZABA","30855","KAIT 5 PUERTAS ADVANCE 1.6 LTS., CVT","NISSAN","BLANCO PERLADO/NEGRO","2027","94DCP5HE6VB102411","ORIZABA",0,"",82,"6392680",31/05/2026,"PV3","LODERAS","HR16478405P","","KAAC3","","NACIONAL","","",363272.52,1822.25,365094.77
"BODEGA ORIZABA","31082","KAIT 5 PUERTAS ADVANCE 1.6 LTS., CVT","NISSAN","PLATA/NEGRO","2027","94DCP5HE4VB102763","ORIZABA",0,"",64,"6409560",18/06/2026,"PV3","(ORIZABA), CANAL ASIG. : ALLOCAT - INDEFINIDO","HR16477982P","","KAAC3","","NACIONAL","","",363272.52,0.00,363272.52
"BODEGA TUXTEPEC","31102","KAIT 5 PUERTAS ADVANCE 1.6 LTS., CVT","NISSAN","GRIS OXFORD/NEGRO","2027","94DCP5HE3VB102785","TUXTEPEC",0,"",64,"6409930",18/06/2026,"PV3","(TUXTEPEC) (# CONCS. : 00524), CANAL ASIG. : ALLOCAT - INDEFINIDO","HR16483044P","","KAAC3","","NACIONAL","","",363272.52,0.00,363272.52
"BODEGA SALINA CRUZ","31117","KAIT 5 PUERTAS ADVANCE 1.6 LTS., CVT","NISSAN","GRIS OXFORD/NEGRO","2027","94DCP5HE3VB102916","SALINA CRUZ",0,"",64,"6409940",18/06/2026,"PV3","(SALINA CRUZ) (# CONCS. : 00526), CANAL ASIG. : ALLOCAT - INDEFINIDO","HR16484680P","","KAAC3","","NACIONAL","","",363272.52,0.00,363272.52
"BODEGA ORIZABA","31188","KAIT 5 PUERTAS ADVANCE 1.6 LTS., CVT","NISSAN","BLANCO PERLADO/NEGRO","2027","94DCP5HE0VB102923","ORIZABA",0,"",56,"6429930",26/06/2026,"PV3","(ORIZABA), CANAL ASIG. : AVR/MAR - DIRECTA NMX","HR16484770P","","KAAC3","","NACIONAL","","",363272.52,132.84,363405.36
"BODEGA ORIZABA","31189","KAIT 5 PUERTAS ADVANCE 1.6 LTS., CVT","NISSAN","BLANCO PERLADO/NEGRO","2027","94DCP5HE2VB102826","ORIZABA",0,"",56,"6429940",26/06/2026,"PV3","(ORIZABA), CANAL ASIG. : AVR/MAR - DIRECTA NMX","HR16484670P","","KAAC3","","NACIONAL","","",363272.52,0.00,363272.52
"BODEGA ORIZABA","31564","KAIT 5 PUERTAS ADVANCE 1.6 LTS., CVT","NISSAN","ROJO METALICO/NEGRO","2027","94DCP5HE2VB104138","ORIZABA",0,"",17,"6531480",04/08/2026,"PV3","(ORIZABA), CANAL ASIG. : ALLOCAT - INDEFINIDO","HR16497079P","","KAACN","","NACIONAL","","",363403.37,0.00,363403.37
"BODEGA ORIZABA","31565","KAIT 5 PUERTAS ADVANCE 1.6 LTS., CVT","NISSAN","GRIS OXFORD/NEGRO","2027","94DCP5HE0VB103683","ORIZABA",0,"",17,"6531470",04/08/2026,"PV3","(ORIZABA), CANAL ASIG. : ALLOCAT - INDEFINIDO","HR16493111P","","KAACN","","NACIONAL","","",363403.37,0.00,363403.37
"BODEGA TUXTEPEC","31585","KAIT 5 PUERTAS ADVANCE 1.6 LTS., CVT","NISSAN","AZUL MEDITERRANEO/NEGRO","2027","94DCP5HE0VB103974","TUXTEPEC",0,"",17,"6532400",04/08/2026,"PV3","(TUXTEPEC) (# CONCS. : 00524), CANAL ASIG. : ALLOCAT - INDEFINIDO","HR16496841P","","KAACN","","NACIONAL","","",363403.37,0.00,363403.37
"BODEGA TUXTEPEC","31586","KAIT 5 PUERTAS ADVANCE 1.6 LTS., CVT","NISSAN","BLANCO PERLADO/NEGRO","2027","94DCP5HEXVB103982","TUXTEPEC",0,"",17,"6532430",04/08/2026,"PV3","(TUXTEPEC) (# CONCS. : 00524), CANAL ASIG. : ALLOCAT - INDEFINIDO","HR16496956P","","KAACN","","NACIONAL","","",363403.37,0.00,363403.37
"BODEGA JUCHITAN","31589","KAIT 5 PUERTAS ADVANCE 1.6 LTS., CVT","NISSAN","ROJO METALICO/NEGRO","2027","94DCP5HE0VB103814","JUCHITAN",0,"",17,"6532390",04/08/2026,"PV3","(JUCHITAN) (# CONCS. : 00525), CANAL ASIG. : ALLOCAT - INDEFINIDO","HR16496911P","","KAACN","","NACIONAL","","",363403.37,0.00,363403.37
"BODEGA JUCHITAN","31590","KAIT 5 PUERTAS ADVANCE 1.6 LTS., CVT","NISSAN","GRIS OXFORD/NEGRO","2027","94DCP5HE2VB104205","JUCHITAN",0,"",17,"6532410",04/08/2026,"PV3","(JUCHITAN) (# CONCS. : 00525), CANAL ASIG. : ALLOCAT - INDEFINIDO","HR16493220P","","KAACN","","NACIONAL","","",363403.37,0.00,363403.37
"BODEGA SALINA CRUZ","31594","KAIT 5 PUERTAS ADVANCE 1.6 LTS., CVT","NISSAN","PLATA/NEGRO","2027","94DCP5HE6VB103588","SALINA CRUZ",0,"",17,"6532420",04/08/2026,"PV3","(SALINA CRUZ) (# CONCS. : 00526), CANAL ASIG. : ALLOCAT - INDEFINIDO","HR16492334P","","KAACN","","NACIONAL","","",363403.37,0.00,363403.37
"BODEGA TIERRABLANCA","31690","KAIT 5 PUERTAS ADVANCE 1.6 LTS., CVT","NISSAN","PLATA/NEGRO","2027","94DCP5HE6VB103915","TIERRA BLANCA",0,"",11,"6537630",10/08/2026,"PV3","(TIERRA BLANCA) (# CONCS. : 00410), CANAL ASIG. : ALLOCAT - INDEFINIDO","HR16493002P","","KAACN","","NACIONAL","","",363403.37,0.00,363403.37
"BODEGA SALINA CRUZ","30669","KAIT 5 PUERTAS EXCLUSIVE 1.6 LTS CVT","NISSAN","BLANCO PERLADO/NEGRO","2027","94DCP5HE3VB101541","SALINA CRUZ",0,"",91,"6345750",22/05/2026,"PV3","(SALINA CRUZ) (# CONCS. : 00526), CANAL ASIG. : ALLOCAT - INDEFINIDO","HR16468567P","","KAEC3","","NACIONAL","","",375782.92,0.00,375782.92
"BODEGA TUXTEPEC","30674","KAIT 5 PUERTAS EXCLUSIVE 1.6 LTS CVT","NISSAN","ROJO METALICO/NEGRO","2027","94DCP5HE9VB101169","TUXTEPEC",0,"",89,"6349470",24/05/2026,"PV3","COLILLA DE ESC+PORTA PLAC+ASPIRADORA+CENICERO = $5,177.98","HR16468740P","","KAEC3","","NACIONAL","","",375782.92,0.00,375782.92
"BODEGA TUXTEPEC","30814","KAIT 5 PUERTAS EXCLUSIVE 1.6 LTS CVT","NISSAN","AZUL MEDITERRANEO/NEGRO","2027","94DCP5HE2VB101918","TUXTEPEC",0,"",84,"6385040",29/05/2026,"PV3","TARJETA DE 1 AÑO NCF","HR16477943P","","KAEC3","","NACIONAL","","",375782.92,0.00,375782.92
"BODEGA TUXTEPEC","30815","KAIT 5 PUERTAS EXCLUSIVE 1.6 LTS CVT","NISSAN","GRIS OXFORD/NEGRO","2027","94DCP5HE7VB101896","TUXTEPEC",0,"",84,"6378200",29/05/2026,"PV3","TARJETA DE 1 AÑO NCF","HR16478961P","","KAEC3","","NACIONAL","","",375782.92,0.00,375782.92
"BODEGA ORIZABA","30844","KAIT 5 PUERTAS EXCLUSIVE 1.6 LTS CVT","NISSAN","BLANCO PERLADO/NEGRO","2027","94DCP5HE8VB102362","ORIZABA",0,"",83,"6388330",30/05/2026,"PV3","DISPONIBLE","HR16475150P","","KAEC3","","NACIONAL","","",375782.92,0.00,375782.92
"BODEGA TUXTEPEC","30845","KAIT 5 PUERTAS EXCLUSIVE 1.6 LTS CVT","NISSAN","PLATA/NEGRO","2027","94DCP5HE9VB101821","TUXTEPEC",0,"",83,"6388340",30/05/2026,"PV3","TARJETA DE 1 AÑO NCF","HR16477537P","","KAEC3","","NACIONAL","","",375782.92,0.00,375782.92
"BODEGA JUCHITAN","30895","KAIT 5 PUERTAS EXCLUSIVE 1.6 LTS CVT","NISSAN","ROJO METALICO/NEGRO","2027","94DCP5HE4VB102374","JUCHITAN",0,"",82,"6392890",31/05/2026,"PV3","(JUCHITAN) (# CONCS. : 00525), CANAL ASIG. : ALLOCAT - INDEFINIDO","HR16469941P","","KAEC3","","NACIONAL","","",375782.92,0.00,375782.92
"BODEGA JUCHITAN","31172","KAIT 5 PUERTAS EXCLUSIVE 1.6 LTS CVT","NISSAN","PLATA/NEGRO","2027","94DCP5HE9VB103021","JUCHITAN",0,"",58,"6419060",24/06/2026,"PV3","(JUCHITAN) (# CONCS. : 00525), CANAL ASIG. : ALLOCAT - INDEFINIDO","HR16484572P","","KAEC3","","NACIONAL","","",375782.92,0.00,375782.92
"BODEGA ORIZABA","31395","KAIT 5 PUERTAS EXCLUSIVE 1.6 LTS CVT","NISSAN","ROJO METALICO/NEGRO","2027","94DCP5HE3VB103175","ORIZABA",0,"",34,"6472430",18/07/2026,"PV3","(ORIZABA), CANAL ASIG. : ALLOCAT - INDEFINIDO","HR16483132P","","KAEC3","","NACIONAL","","",375782.92,0.00,375782.92
"EN TRANSITO","30373","KAIT 5 PUERTAS PLATINUM 1.6 LTS CVT","NISSAN","BLANCO PERLADO/NEGRO","2027","94DCP5HE5VB100875","ORIZABA",0,"",115,"6299170",28/04/2026,"PDE","DEMO | HIELERA-LODERAS-BARRA DE TEC- POR TA PLACAS","HR16462064P","","KAPC3","","NACIONAL","","",389765.26,10494.82,400260.08
"EN TRANSITO","30375","KAIT 5 PUERTAS PLATINUM 1.6 LTS CVT","NISSAN","BLANCO PERLADO/NEGRO","2027","94DCP5HE1VB100842","TIERRA BLANCA",0,"",115,"6299160",28/04/2026,"PDE","DEMO | TB ABRIL 26 | SET 4LODERAS, PORTAPLACAS, BARRAS TECHO, HIELERA","HR16469064P","","KAPC3","","NACIONAL","","",389765.26,0.00,389765.26
"BODEGA CORDOBA","30376","KAIT 5 PUERTAS PLATINUM 1.6 LTS CVT","NISSAN","BLANCO PERLADO/NEGRO","2027","94DCP5HE6VB100383","CORDOBA",0,"",115,"6299180",28/04/2026,"PDE","DEMO | CORDOBA ABRIL 26","HR16466369P","","KAPC3","","NACIONAL","","",389765.26,0.00,389765.26
"EN TRANSITO","30377","KAIT 5 PUERTAS PLATINUM 1.6 LTS CVT","NISSAN","BLANCO PERLADO/NEGRO","2027","94DCP5HE1VB100744","TUXTEPEC",0,"",115,"6299420",28/04/2026,"PDE","DEMO | TUXTEPEC ABRIL 26","HR16465270P","","KAPC3","","NACIONAL","","",389765.26,0.00,389765.26
"EN TRANSITO","30378","KAIT 5 PUERTAS PLATINUM 1.6 LTS CVT","NISSAN","BLANCO PERLADO/NEGRO","2027","94DCP5HEXVB100709","JUCHITAN",0,"",115,"6299440",28/04/2026,"PDE","DEMO | JUCHITAN ABRIL 26","HR16465458P","","KAPC3","","NACIONAL","","",389765.26,0.00,389765.26
"EN TRANSITO","30379","KAIT 5 PUERTAS PLATINUM 1.6 LTS CVT","NISSAN","BLANCO PERLADO/NEGRO","2027","94DCP5HE2VB100316","SALINA CRUZ",0,"",115,"6299430",28/04/2026,"PDE","DEMO | SALINA CRUZ ABRIL 26","HR16466345P","","KAPC3","","NACIONAL","","",389765.26,0.00,389765.26
"PEÑUELA","30437","KAIT 5 PUERTAS PLATINUM 1.6 LTS CVT","NISSAN","PLATA/NEGRO","2027","94DCP5HE1VB100632","CORDOBA",0,"",113,"6315680",30/04/2026,"PV3","(CORDOBA) (# CONCS. : 00416), CANAL ASIG. : ALLOCAT - INDEFINIDO","HR16466378P","","KAPC3","","NACIONAL","","",389765.26,0.00,389765.26
"EN TRANSITO","30438","KAIT 5 PUERTAS PLATINUM 1.6 LTS CVT","NISSAN","ROJO METALICO/NEGRO","2027","94DCP5HEXVB100564","CORDOBA",0,"",113,"6315710",30/04/2026,"PCN","DEMO | FLOTILLA 30 ABRIL 26","HR16460897P","","KAPC3","","NACIONAL","","",389765.26,0.00,389765.26
"BODEGA SALINA CRUZ","30670","KAIT 5 PUERTAS PLATINUM 1.6 LTS CVT","NISSAN","BLANCO PERLADO/NEGRO","2027","94DCP5HEXVB101147","SALINA CRUZ",0,"",91,"6345770",22/05/2026,"PV3","DISPONIBLE","HR16463283P","","KAPC3","","NACIONAL","","",389765.26,0.00,389765.26
"BODEGA ORIZABA","30789","KAIT 5 PUERTAS PLATINUM 1.6 LTS CVT","NISSAN","PLATA/NEGRO","2027","94DCP5HE8VB101745","ORIZABA",0,"",84,"6384550",29/05/2026,"PV3","(ORIZABA), CANAL ASIG. : ALLOCAT - INDEFINIDO","HR16469143P","","KAPC3","","NACIONAL","","",389765.26,0.00,389765.26
"PEÑUELA","31398","KAIT 5 PUERTAS PLATINUM 1.6 LTS CVT","NISSAN","PLATA/NEGRO","2027","94DCP5HEXVB103416","CORDOBA",0,"",33,"6476900",19/07/2026,"PV3","(CORDOBA) (# CONCS. : 00416), CANAL ASIG. : ALLOCAT - INDEFINIDO","HR16482961P","","KAPC3","","NACIONAL","","",389765.26,0.00,389765.26
"BODEGA TUXTEPEC","31399","KAIT 5 PUERTAS PLATINUM 1.6 LTS CVT","NISSAN","ROJO METALICO/NEGRO","2027","94DCP5HE9VB103309","TUXTEPEC",0,"",34,"6472640",18/07/2026,"PV3","(TUXTEPEC) (# CONCS. : 00524), CANAL ASIG. : ALLOCAT - INDEFINIDO","HR16483283P","","KAPC3","","NACIONAL","","",389765.26,0.00,389765.26
"BODEGA JUCHITAN","28785","KICKS PLATINUM 2.0 LTS CVT","NISSAN","CAFE PECANO/NEGRO","2026","3N8AP6HE2TL363415","JUCHITAN",0,"",234,"4073016",30/12/2025,"PV3","(JUCHITAN) (# CONCS. : 00525), CANAL ASIG. : ALLOCAT - INDEFINIDO","MR20299311K","","KMCA7-8","","NACIONAL","","",464570.48,0.00,464570.48
"BODEGA SALINA CRUZ","29402","KICKS PLATINUM 2.0 LTS CVT","NISSAN","GRIS/NEGRO","2026","3N8AP6HE1TL384661","SALINA CRUZ",0,"",182,"4093881",20/02/2026,"PV3","(SALINA CRUZ) (# CONCS. : 00526), CANAL ASIG. : ALLOCAT - INDEFINIDO","MR20355766K","","KMCA7-8","","NACIONAL","","",466616.26,0.00,466616.26
"BODEGA JUCHITAN","29706","KICKS PLATINUM 2.0 LTS CVT","NISSAN","ROJO BURDEOS/NEGRO","2026","3N8AP6HE5TL389068","JUCHITAN",0,"",170,"4105058",04/03/2026,"PV3","(JUCHITAN) (# CONCS. : 00525), CANAL ASIG. : ALLOCAT - INDEFINIDO","MR20365570K","","KMCA7-8","","NACIONAL","","",466616.26,0.00,466616.26
"BODEGA JUCHITAN","30187","KICKS PLATINUM 2.0 LTS CVT","NISSAN","ROJO BURDEOS/NEGRO","2026","3N8AP6HE0TL401711","JUCHITAN",0,"",144,"4121213",30/03/2026,"PV3","(JUCHITAN) (# CONCS. : 00525), CANAL ASIG. : ALLOCAT - INDEFINIDO","MR20387783K","","KMCA7-8","","NACIONAL","","",466616.26,0.00,466616.26
"BODEGA TIERRABLANCA","30386","KICKS PLATINUM 2.0 LTS CVT","NISSAN","GRIS/NEGRO","2026","3N8AP6HE8TL412679","TIERRA BLANCA",0,"",114,"4132243",29/04/2026,"PV3","(TIERRA BLANCA) (# CONCS. : 00410), CANAL ASIG. : ALLOCAT - INDEFINIDO","MR20413047K","","KMCA7-8","","NACIONAL","","",466738.26,0.00,466738.26
"PEÑUELA","31678","KICKS PLATINUM 2.0 LTS CVT","NISSAN","CAFE PECANO/NEGRO","2026","3N8AP6HE2TL443717","CORDOBA",0,"",13,"4184461",08/08/2026,"PV3","(CORDOBA) (# CONCS. : 00416), CANAL ASIG. : ALLOCAT - INDEFINIDO","MR20502105K","","KMCA7-8","","NACIONAL","","",466873.10,0.00,466873.10
"EN TRANSITO","31680","KICKS PLATINUM 2.0 LTS CVT","NISSAN","AMARILLO TOSCANO BITONO/NEGRO","2026","3N8AP6HE1TL443398","TUXTEPEC",0,"",13,"4184538",08/08/2026,"PV3","(TUXTEPEC) (# CONCS. : 00524), CANAL ASIG. : ALLOCAT - INDEFINIDO","MR20501158K","","KMCA7-8","","NACIONAL","","",466873.10,0.00,466873.10
"PEÑUELA","31707","KICKS PLATINUM + TELEMATICS 2.0 LTS CVT","NISSAN","ROJO BURDEOS/NEGRO","2026","3N8AP6HE5TL443761","CORDOBA",0,"",10,"4185656",11/08/2026,"PV3","(CORDOBA) (# CONCS. : 00416), CANAL ASIG. : ALLOCAT - INDEFINIDO","MR20506419K","","KMCA7-8","","NACIONAL","","",466873.10,0.00,466873.10
"PEÑUELA","31727","KICKS PLATINUM + TELEMATICS 2.0 LTS CVT","NISSAN","GRIS/NEGRO","2026","3N8AP6HE2TL444138","CORDOBA",0,"",9,"4186298",12/08/2026,"PV3","(CORDOBA) (# CONCS. : 00416), CANAL ASIG. : ALLOCAT - INDEFINIDO","MR20510291K","","KMCA7-8","","NACIONAL","","",466873.10,0.00,466873.10
"BODEGA TUXTEPEC","29090","KICKS ADVANCE 2.0 LTS CVT","NISSAN","BLANCO PERLADO/NEGRO","2026","3N8AP6HE9TL374654","TUXTEPEC",0,"",205,"4081889",28/01/2026,"PV3","23/02/26 FLOTA RES ENERGY | CAMBIO A FLOTA","MR20333510K","","KOCA5","","NACIONAL","","",417121.66,0.00,417121.66
"PEÑUELA","29226","KICKS ADVANCE 2.0 LTS CVT","NISSAN","BLANCO PERLADO/NEGRO","2026","3N8AP6HE1TL376978","CORDOBA",0,"",189,"4087451",13/02/2026,"PV3","23/02/26 FLOTA RES ENERGY | CAMBIO A FLOTA","MR20330116K","","KOCA5","","NACIONAL","","",417911.48,0.00,417911.48
"EN TRANSITO","29272","KICKS ADVANCE 2.0 LTS CVT","NISSAN","BLANCO PERLADO/NEGRO","2026","3N8AP6HE1TL382716","CORDOBA",0,"",186,"4089244",16/02/2026,"PE3","23/02/26 FLOTA RES ENERGY | FALTANTE 1 LLAVE DE PLANTA","MR20350973K","","KOCA5","","NACIONAL","","",417911.48,0.00,417911.48
"PEÑUELA","29273","KICKS ADVANCE 2.0 LTS CVT","NISSAN","BLANCO PERLADO/NEGRO","2026","3N8AP6HE2TL377332","CORDOBA",0,"",186,"4089245",16/02/2026,"PE3","23/02/26 FLOTA RES ENERGY","MR20328926K","","KOCA5","","NACIONAL","","",417911.48,0.00,417911.48
"PEÑUELA","29274","KICKS ADVANCE 2.0 LTS CVT","NISSAN","BLANCO PERLADO/NEGRO","2026","3N8AP6HE4TL377624","CORDOBA",0,"",186,"4089246",16/02/2026,"PE3","23/02/26 FLOTA RES ENERGY","MR20337538K","","KOCA5","","NACIONAL","","",417911.48,0.00,417911.48
"PEÑUELA","29275","KICKS ADVANCE 2.0 LTS CVT","NISSAN","BLANCO PERLADO/NEGRO","2026","3N8AP6HE7TL377231","CORDOBA",0,"",186,"4089247",16/02/2026,"PE3","23/02/26 FLOTA RES ENERGY","MR20336874K","","KOCA5","","NACIONAL","","",417911.48,0.00,417911.48
"BODEGA JUCHITAN","29329","KICKS ADVANCE 2.0 LTS CVT","NISSAN","BLANCO PERLADO/NEGRO","2026","3N8AP6HE5TL384503","JUCHITAN",0,"",183,"4090515",19/02/2026,"PE3","23/02/26 FLOTA RES ENERGY","MR20355795K","","KOCA5","","NACIONAL","","",417911.48,0.00,417911.48
"PEÑUELA","31154","KICKS ADVANCE 2.0 LTS CVT","NISSAN","GRIS/NEGRO","2026","3N8AP6HE6TL437970","CORDOBA",0,"",59,"4159406",23/06/2026,"PV3","EN EXHIBICION SAN NICOLAS","MR20468043K","","KOCA5","","NACIONAL","","",418050.26,0.00,418050.26
"BODEGA TIERRABLANCA","31177","KICKS ADVANCE 2.0 LTS CVT","NISSAN","ROJO BURDEOS/NEGRO","2026","3N8AP6HE1TL438699","TIERRA BLANCA",0,"",57,"4160494",25/06/2026,"PV3","DISPONIBLE","MR20470225K","","KOCA5","","NACIONAL","","",418050.26,0.00,418050.26
"BODEGA ORIZABA","31191","KICKS ADVANCE 2.0 LTS CVT","NISSAN","ROJO BURDEOS/NEGRO","2026","3N8AP6HE7TL439436","ORIZABA",0,"",56,"4161992",26/06/2026,"PV3","(ORIZABA), CANAL ASIG. : AVR/MAR - DIRECTA NMX","MR20471448K","","KOCA5","","NACIONAL","","",418050.26,0.00,418050.26
"BODEGA ORIZABA","31192","KICKS ADVANCE 2.0 LTS CVT","NISSAN","BLANCO PERLADO/NEGRO","2026","3N8AP6HE9TL439244","ORIZABA",0,"",56,"4161993",26/06/2026,"PV3","(ORIZABA), CANAL ASIG. : AVR/MAR - DIRECTA NMX","MR20472575K","","KOCA5","","NACIONAL","","",418050.26,0.00,418050.26
"PEÑUELA","31203","KICKS ADVANCE 2.0 LTS CVT","NISSAN","BLANCO PERLADO/NEGRO","2026","3N8AP6HE0TL439147","CORDOBA",0,"",56,"4161991",26/06/2026,"PV3","(CORDOBA) (# CONCS. : 00416), CANAL ASIG. : AVR/MAR - DIRECTA NMX","MR20469152K","","KOCA5","","NACIONAL","","",418050.26,0.00,418050.26
"BODEGA ORIZABA","31217","KICKS ADVANCE 2.0 LTS CVT","NISSAN","AZUL ACERO/NEGRO","2026","3N8AP6HE5TL438611","ORIZABA",0,"",55,"4162899",27/06/2026,"PV3","(ORIZABA), CANAL ASIG. : AVR/MAR - DIRECTA NMX","MR20470236K","","KOCA5","","NACIONAL","","",418050.26,0.00,418050.26
"BODEGA TIERRABLANCA","31308","KICKS ADVANCE 2.0 LTS CVT","NISSAN","BLANCO PERLADO/NEGRO","2026","3N8AP6HE7TL442370","TIERRA BLANCA",0,"",46,"4168161",06/07/2026,"PV3","(TIERRA BLANCA) (# CONCS. : 00410), CANAL ASIG. : ALLOCAT - INDEFINIDO","MR20478768K","","KOCA5","","NACIONAL","","",418050.26,0.00,418050.26
"PEÑUELA","31311","KICKS ADVANCE 2.0 LTS CVT","NISSAN","AZUL ACERO/NEGRO","2026","3N8AP6HE6TL442490","CORDOBA",0,"",46,"4168160",06/07/2026,"PV3","(CORDOBA) (# CONCS. : 00416), CANAL ASIG. : ALLOCAT - INDEFINIDO","MR20478960K","","KOCA5","","NACIONAL","","",418050.26,0.00,418050.26
"BODEGA ORIZABA","31320","KICKS ADVANCE 2.0 LTS CVT","NISSAN","GRIS/NEGRO","2026","3N8AP6HE8TL442748","ORIZABA",0,"",45,"4168574",07/07/2026,"PV3","(ORIZABA), CANAL ASIG. : ALLOCAT - INDEFINIDO","MR20477710K","","KOCA5","","NACIONAL","","",418050.26,0.00,418050.26
"BODEGA TIERRABLANCA","31321","KICKS ADVANCE 2.0 LTS CVT","NISSAN","GRIS/NEGRO","2026","3N8AP6HE4TL442682","TIERRA BLANCA",0,"",45,"4168573",07/07/2026,"PV3","(TIERRA BLANCA) (# CONCS. : 00410), CANAL ASIG. : ALLOCAT - INDEFINIDO","MR20478873K","","KOCA5","","NACIONAL","","",418050.26,0.00,418050.26
"BODEGA SALINA CRUZ","31325","KICKS ADVANCE 2.0 LTS CVT","NISSAN","AZUL ACERO/NEGRO","2026","3N8AP6HEXTL442721","SALINA CRUZ",0,"",45,"4168642",07/07/2026,"PV3","BARRAS DE TECHO","MR20477732K","","KOCA5","","NACIONAL","","",418050.26,0.00,418050.26
"BODEGA SALINA CRUZ","31331","KICKS ADVANCE 2.0 LTS CVT","NISSAN","ROJO BURDEOS/NEGRO","2026","3N8AP6HE3TL442821","SALINA CRUZ",0,"",44,"4168972",08/07/2026,"PV3","ESTRIBOS ILUMINADOS","MR20479832K","","KOCA5","","NACIONAL","","",418050.26,0.00,418050.26
"BODEGA ORIZABA","31379","KICKS ADVANCE 2.0 LTS CVT","NISSAN","ROJO BURDEOS/NEGRO","2026","3N8AP6HE5TL443226","ORIZABA",0,"",37,"4171587",15/07/2026,"PV3","(ORIZABA), CANAL ASIG. : ALLOCAT - INDEFINIDO","MR20482198K","","KOCA5","","NACIONAL","","",418050.26,0.00,418050.26
"BODEGA TUXTEPEC","31716","KICKS ADVANCE 2.0 LTS CVT","NISSAN","BLANCO PERLADO/NEGRO","2026","3N8AP6HE3TL444066","TUXTEPEC",0,"",10,"4185831",11/08/2026,"PV3","(TUXTEPEC) (# CONCS. : 00524), CANAL ASIG. : ALLOCAT - INDEFINIDO","MR20509354K","","KOCA5","","NACIONAL","","",418186.10,0.00,418186.10
"PEÑUELA","31726","KICKS ADVANCE 2.0 LTS CVT","NISSAN","GRIS/NEGRO","2026","3N8AP6HE5TL444232","CORDOBA",0,"",9,"4186297",12/08/2026,"PV3","(CORDOBA) (# CONCS. : 00416), CANAL ASIG. : ALLOCAT - INDEFINIDO","MR20510260K","","KOCA5","","NACIONAL","","",418186.10,0.00,418186.10
"BODEGA SALINA CRUZ","28787","KICKS EXCLUSIVE 2.0 LTS CVT","NISSAN","AZUL ACERO/NEGRO","2026","3N8AP6HE2TL363544","SALINA CRUZ",0,"",234,"4073015",30/12/2025,"PV3","LE FALTAN PIEZAS INTERIOR PUERTA | TAPETES RIGIDOS  $3,110","MR20302243K","","KSCEA","","NACIONAL","","",436733.48,0.00,436733.48
"BODEGA JUCHITAN","29147","KICKS EXCLUSIVE 2.0 LTS CVT","NISSAN","ROJO BURDEOS/NEGRO","2026","3N8AP6HE5TL370570","JUCHITAN",0,"",203,"4084755",30/01/2026,"PV3","DISPONIBLE","MR20323900K","","KSCEA","","NACIONAL","","",437693.66,0.00,437693.66
"BODEGA ORIZABA","31193","KICKS EXCLUSIVE 2.0 LTS CVT","NISSAN","ROJO BURDEOS/NEGRO","2026","3N8AP6HE3TL438722","ORIZABA",0,"",56,"4161994",26/06/2026,"PV3","(ORIZABA), CANAL ASIG. : AVR/MAR - DIRECTA NMX","MR20469181K","","KSCEA","","NACIONAL","","",438622.26,0.00,438622.26
"BODEGA TUXTEPEC","31208","KICKS EXCLUSIVE 2.0 LTS CVT","NISSAN","GRIS/NEGRO","2026","3N8AP6HE1TL438587","TUXTEPEC",0,"",56,"4162416",26/06/2026,"PV3","TAPETES RIGIDOS, TAPETES CAJUELA, PROTECTOR NEGRO DE CAJUELA","MR20471384K","","KSCEA","","NACIONAL","","",438622.26,0.00,438622.26
"BODEGA TUXTEPEC","31351","KICKS EXCLUSIVE 2.0 LTS CVT","NISSAN","BLANCO PERLADO/NEGRO","2026","3N8AP6HE6TL443249","TUXTEPEC",0,"",42,"4169825",10/07/2026,"PV3","(TUXTEPEC) (# CONCS. : 00524), CANAL ASIG. : ALLOCAT - INDEFINIDO","MR20477801K","","KSCEA","","NACIONAL","","",438622.26,0.00,438622.26
"BODEGA ORIZABA","31675","KICKS EXCLUSIVE 2.0 LTS CVT","NISSAN","CAFE PECANO/NEGRO","2026","3N8AP6HE6TL443347","ORIZABA",0,"",13,"4184460",08/08/2026,"PV3","(ORIZABA), CANAL ASIG. : ALLOCAT - INDEFINIDO","MR20501189K","","KSCEA","","NACIONAL","","",438758.10,0.00,438758.10
"EN TRANSITO","31748","KICKS EXCLUSIVE 2.0 LTS CVT","NISSAN","GRIS/NEGRO","2026","3N8AP6HE0TL444428","TIERRA BLANCA",0,"",7,"4187167",14/08/2026,"PV3","(TIERRA BLANCA) (# CONCS. : 00410), CANAL ASIG. : ALLOCAT - INDEFINIDO","MR20504564K","","KSCEA","","NACIONAL","","",438758.10,0.00,438758.10
"EN TRANSITO","30448","MAGNITE ADVANCE CVT 1.0 LTS TURB","NISSAN","ROJO OPALO/PEBBLE GRAY","2026","MDHBD0FA1TG015356","TIERRA BLANCA",0,"",113,"6310970",30/04/2026,"PDE","DEMO | TB 30 ABRIL 26 | PROT FASCIA Y FILO,CALC,TAPETES RIGIDOS INT Y CAJ,PORTAPLACAS,MOLDURA TRAS","HRA0142806C","","MGCA3","","IMPORTADO","","",319892.26,0.00,319892.26
"BODEGA TUXTEPEC","30452","MAGNITE ADVANCE CVT 1.0 LTS TURB","NISSAN","NARANJA BENGALA/GRIS","2026","MDHBD0FA3TG017464","TUXTEPEC",0,"",113,"6311280",30/04/2026,"PDE","DEMO | 524 30 ABRIL 26 | CALCOMANIAS,MOLDURA TRAS,PORTAPLACAS,PROTEC DE FASCIA Y FILO,TAPETES RIGIDO","HRA0145532C","","MGCA3","","IMPORTADO","","",319892.26,0.00,319892.26
"EN TRANSITO","31772","MAGNITE ADVANCE CVT 1.0 LTS TURB","NISSAN","AZUL ARTICO/GRIS","2026","MDHBD0FA4TG029333","JUCHITAN",1,"JOSE LEONARDO MONTES",4,"6545870",17/08/2026,"PV3","DISPONIBLE","HRA0166116C","","MGCA3","","IMPORTADO","","",320035.10,0.00,320035.10
"EN TRANSITO","31800","MAGNITE ADVANCE CVT 1.0 LTS TURB","NISSAN","ROJO OPALO/PEBBLE GRAY","2026","MDHBD0FA3TG030098","TUXTEPEC",0,"",2,"6553740",19/08/2026,"PV3","(TUXTEPEC) (# CONCS. : 00524), CANAL ASIG. : ALLOCAT - INDEFINIDO","HRA0168796C","","MGCA3","","IMPORTADO","","",320035.10,0.00,320035.10
"EN TRANSITO","30436","MAGNITE EXCLUSIVE CVT GRIS 1.0 LTS","NISSAN","AZUL ARTICO/GRIS","2026","MDHBD0FA5TG017420","ORIZABA",0,"",113,"6311000",30/04/2026,"PDE","DEMO | ORIZABA 30 ABRIL 26 | CALCOMANIAS,TAPTES RIG,PORTAPLACAS,PROT FASCIA,MOLDURA TRAS,PROT FILO C","HRA0145481C","","MGCE5","","IMPORTADO","","",354110.26,13750.09,367860.35
"BODEGA CORDOBA","30440","MAGNITE EXCLUSIVE CVT GRIS 1.0 LTS","NISSAN","AZUL ARTICO/GRIS","2026","MDHBD0FA3TG017531","CORDOBA",0,"",113,"6310990",30/04/2026,"PDE","DEMO | CORDOBA 30 ABRIL 26 | CALCOMANIAS, PORTAPLACAS CROMADO","HRA0145483C","","MGCE5","","IMPORTADO","","",354110.26,0.00,354110.26
"BODEGA JUCHITAN","30457","MAGNITE EXCLUSIVE CVT GRIS 1.0 LTS","NISSAN","BLANCO GLACIAR/GRIS","2026","MDHBD0FA9TG016920","JUCHITAN",0,"",113,"6311310",30/04/2026,"PDE","DEMO | 30 ABRIL 26 | PROT FASCIA,TAPETES RIG,MOLDURA TRAS,PROT FILO CAJ, PORTAPLACAS,CALCOMANIAS","HRA0144822C","","MGCE5","","IMPORTADO","","",354110.26,0.00,354110.26
"BODEGA SALINA CRUZ","30463","MAGNITE EXCLUSIVE CVT GRIS 1.0 LTS","NISSAN","BLANCO GLACIAR/GRIS","2026","MDHBD0FA4TG017067","SALINA CRUZ",0,"",113,"6311300",30/04/2026,"PDE","DEMO | 30/04/26 | TAPETE RIGIDO, MOLDURA, CALCOMANIAS, PORTAPLACAS, PROTECTOR","HRA0144909C","","MGCE5","","IMPORTADO","","",354110.26,0.00,354110.26
"EN TRANSITO","31768","MAGNITE EXCLUSIVE CVT GRIS 1.0 LTS","NISSAN","PLATA/GRIS","2026","MDHBD0FA2TG029301","TUXTEPEC",0,"",4,"6545880",17/08/2026,"PV3","(TUXTEPEC) (# CONCS. : 00524), CANAL ASIG. : ALLOCAT - INDEFINIDO","HRA0165917C","","MGCE5","","IMPORTADO","","",354250.10,0.00,354250.10
"EN TRANSITO","31802","MAGNITE EXCLUSIVE CVT GRIS 1.0 LTS","NISSAN","BLANCO GLACIAR/GRIS","2026","MDHBD0FA6TG030239","JUCHITAN",0,"MARIA DE LOS ANGELES",2,"6555810",19/08/2026,"PV3","21/08/26 416 EDDILIA CONCEPCION VAZQUEZ ROSALES","HRA0168804C","","MGCE5","","IMPORTADO","","",354250.10,0.00,354250.10
"BODEGA JUCHITAN","30776","MAGNITE EXCLUSIVE 1.0 LTS CVT T","NISSAN","BLANCO GLACIAR/ORANGE","2026","MDHBD0FA0TG019186","JUCHITAN",0,"",85,"6375060",28/05/2026,"PV3","DISPONIBLE","HRA0148558C","","MGCE6","","IMPORTADO","","",354110.26,0.00,354110.26
"BODEGA JUCHITAN","31263","MAGNITE EXCLUSIVE 1.0 LTS CVT T","NISSAN","BLANCO GLACIAR/ORANGE","2026","MDHBD0FA0TG025232","JUCHITAN",0,"",53,"6444160",29/06/2026,"PV3","(JUCHITAN) (# CONCS. : 00525), CANAL ASIG. : ALLOCAT - INDEFINIDO","HRA0157502C","","MGCE6","","IMPORTADO","","",354110.26,0.00,354110.26
"BODEGA TIERRABLANCA","31404","MAGNITE EXCLUSIVE 1.0 LTS CVT T","NISSAN","AZUL ARTICO BITONO/ORANGE","2026","MDHBD0FA1TG025806","TIERRA BLANCA",0,"",31,"6486070",21/07/2026,"PV3","(TIERRA BLANCA) (# CONCS. : 00410), CANAL ASIG. : AVR/MAR - DIRECTA NMX","HRA0159203C","","MGCE6","","IMPORTADO","","",354110.26,0.00,354110.26
"PEÑUELA","31407","MAGNITE EXCLUSIVE 1.0 LTS CVT T","NISSAN","BLANCO GLACIAR/ORANGE","2026","MDHBD0FA5TG026232","CORDOBA",0,"",31,"6486080",21/07/2026,"PV3","(CORDOBA) (# CONCS. : 00416), CANAL ASIG. : AVR/MAR - DIRECTA NMX","HRA0159754C","","MGCE6","","IMPORTADO","","",354110.26,0.00,354110.26
"PEÑUELA","31408","MAGNITE EXCLUSIVE 1.0 LTS CVT T","NISSAN","NARANJA BENGALA/ORANGE","2026","MDHBD0FA8TG027083","CORDOBA",0,"",31,"6486110",21/07/2026,"PV3","(CORDOBA) (# CONCS. : 00416), CANAL ASIG. : AVR/MAR - DIRECTA NMX","HRA0161041C","","MGCE6","","IMPORTADO","","",354110.26,0.00,354110.26
"BODEGA TUXTEPEC","31410","MAGNITE EXCLUSIVE 1.0 LTS CVT T","NISSAN","BLANCO GLACIAR/ORANGE","2026","MDHBD0FA2TG026298","TUXTEPEC",0,"",31,"6486200",21/07/2026,"PV3","(TUXTEPEC) (# CONCS. : 00524), CANAL ASIG. : AVR/MAR - DIRECTA NMX","HRA0159404C","","MGCE6","","IMPORTADO","","",354110.26,0.00,354110.26
"BODEGA JUCHITAN","31414","MAGNITE EXCLUSIVE 1.0 LTS CVT T","NISSAN","BLANCO GLACIAR/ORANGE","2026","MDHBD0FA1TG026681","JUCHITAN",0,"",31,"6486190",21/07/2026,"PV3","(JUCHITAN) (# CONCS. : 00525), CANAL ASIG. : AVR/MAR - DIRECTA NMX","HRA0160089C","","MGCE6","","IMPORTADO","","",354110.26,0.00,354110.26
"BODEGA TUXTEPEC","31423","MAGNITE EXCLUSIVE 1.0 LTS CVT T","NISSAN","NARANJA BENGALA BITONO/ORANGE","2026","MDHBD0FA0TG026848","TUXTEPEC",0,"",30,"6490810",22/07/2026,"PV3","(TUXTEPEC) (# CONCS. : 00524), CANAL ASIG. : AVR/MAR - DIRECTA NMX","HRA0160541C","","MGCE6","","IMPORTADO","","",354110.26,0.00,354110.26
"BODEGA SALINA CRUZ","31429","MAGNITE EXCLUSIVE 1.0 LTS CVT T","NISSAN","GRIS OXFORD/ORANGE","2026","MDHBD0FA7TG026362","SALINA CRUZ",0,"",30,"6490820",22/07/2026,"PV3","TARJETA CON 1 AÑO ADICIONAL","HRA0159662C","","MGCE6","","IMPORTADO","","",354110.26,0.00,354110.26
"BODEGA JUCHITAN","31433","MAGNITE EXCLUSIVE 1.0 LTS CVT T","NISSAN","AZUL ARTICO BITONO/ORANGE","2026","MDHBD0FA0TG026610","JUCHITAN",0,"",29,"6495160",23/07/2026,"PV3","(JUCHITAN) (# CONCS. : 00525), CANAL ASIG. : AVR/MAR - DIRECTA NMX","HRA0160111C","","MGCE6","","IMPORTADO","","",354110.26,0.00,354110.26
"BODEGA JUCHITAN","31447","MAGNITE EXCLUSIVE 1.0 LTS CVT T","NISSAN","BLANCO GLACIAR BITONO/ORANGE","2026","MDHBD0FA6TG026787","JUCHITAN",0,"",25,"6504970",27/07/2026,"PV3","(JUCHITAN) (# CONCS. : 00525), CANAL ASIG. : AVR/MAR - DIRECTA NMX","HRA0160288C","","MGCE6","","IMPORTADO","","",354110.26,0.00,354110.26
"EN TRANSITO","31804","MAGNITE EXCLUSIVE 1.0 LTS CVT T","NISSAN","BLANCO GLACIAR/ORANGE","2026","MDHBD0FA2TG029122","SALINA CRUZ",0,"",2,"6555790",19/08/2026,"PV3","(SALINA CRUZ) (# CONCS. : 00526), CANAL ASIG. : ALLOCAT - INDEFINIDO","HRA0165319C","","MGCE6","","IMPORTADO","","",354250.10,0.00,354250.10
"EN TRANSITO","31805","MAGNITE EXCLUSIVE 1.0 LTS CVT T","NISSAN","PLATA BITONO/ORANGE","2026","MDHBD0FA6TG029401","SALINA CRUZ",0,"",2,"6555800",19/08/2026,"PV3","(SALINA CRUZ) (# CONCS. : 00526), CANAL ASIG. : ALLOCAT - INDEFINIDO","HRA0167113C","","MGCE6","","IMPORTADO","","",354250.10,0.00,354250.10
"EN TRANSITO","31822","MAGNITE EXCLUSIVE 1.0 LTS CVT T","NISSAN","BLANCO GLACIAR BITONO/ORANGE","2026","MDHBD0FA6TG029835","TUXTEPEC",0,"",1,"6559860",20/08/2026,"PV3","(TUXTEPEC) (# CONCS. : 00524), CANAL ASIG. : ALLOCAT - INDEFINIDO","HRA0167729C","","MGCE6","","IMPORTADO","","",354250.10,0.00,354250.10
"EN TRANSITO","31823","MAGNITE EXCLUSIVE 1.0 LTS CVT T","NISSAN","ROJO OPALO BITONO/ORANGE","2026","MDHBD0FA6TG029849","JUCHITAN",0,"",1,"6559870",20/08/2026,"PV3","(JUCHITAN) (# CONCS. : 00525), CANAL ASIG. : ALLOCAT - INDEFINIDO","HRA0167652C","","MGCE6","","IMPORTADO","","",354250.10,0.00,354250.10
"PEÑUELA","31409","MAGNITE EXCLUSIVE 1.0 LTS T/M TU GRIS","NISSAN","GRIS OXFORD/GRIS","2026","MDHBD0FA0TG025862","CORDOBA",0,"",31,"6486060",21/07/2026,"PV3","(CORDOBA) (# CONCS. : 00416), CANAL ASIG. : AVR/MAR - DIRECTA NMX","HRA0157218C","","MGME5","","IMPORTADO","","",339686.26,0.00,339686.26
"BODEGA JUCHITAN","31416","MAGNITE EXCLUSIVE 1.0 LTS T/M TU GRIS","NISSAN","AZUL ARTICO BITONO/GRIS","2026","MDHBD0FA2TG025832","JUCHITAN",0,"",31,"6486170",21/07/2026,"PV3","(JUCHITAN) (# CONCS. : 00525), CANAL ASIG. : AVR/MAR - DIRECTA NMX","HRA0158615C","","MGME5","","IMPORTADO","","",339686.26,0.00,339686.26
"BODEGA SALINA CRUZ","31418","MAGNITE EXCLUSIVE 1.0 LTS T/M TU GRIS","NISSAN","GRIS OXFORD/GRIS","2026","MDHBD0FA0TG026462","SALINA CRUZ",0,"",31,"6486160",21/07/2026,"PV3","ANTIFAZ TRANSPARENTE","HRA0161928C","","MGME5","","IMPORTADO","","",339686.26,0.00,339686.26
"BODEGA ORIZABA","31432","MAGNITE EXCLUSIVE 1.0 LTS T/M TU GRIS","NISSAN","ROJO OPALO BITONO/GRIS","2026","MDHBD0FA0TG026395","ORIZABA",0,"",29,"6494320",23/07/2026,"PV3","(ORIZABA), CANAL ASIG. : AVR/MAR - DIRECTA NMX","HRA0161934C","","MGME5","","IMPORTADO","","",339686.26,0.00,339686.26
"EN TRANSITO","31794","MAGNITE EXCLUSIVE 1.0 LTS T/M TU GRIS","NISSAN","BLANCO GLACIAR BITONO/GRIS","2026","MDHBD0FA7TG028709","ORIZABA",0,"",2,"6553470",19/08/2026,"PV3","(ORIZABA), CANAL ASIG. : AVR/MAR - DIRECTA NMX","HRA0164419C","","MGME5","","IMPORTADO","","",339827.10,0.00,339827.10
"EN TRANSITO","31798","MAGNITE EXCLUSIVE 1.0 LTS T/M TU GRIS","NISSAN","ROJO OPALO BITONO/GRIS","2026","MDHBD0FA8TG028704","CORDOBA",0,"",2,"6553480",19/08/2026,"PV3","(CORDOBA) (# CONCS. : 00416), CANAL ASIG. : AVR/MAR - DIRECTA NMX","HRA0163551C","","MGME5","","IMPORTADO","","",339827.10,0.00,339827.10
"EN TRANSITO","31809","MAGNITE EXCLUSIVE 1.0 LTS T/M TU GRIS","NISSAN","NEGRO /GRIS","2026","MDHBD0FA0TG029958","ORIZABA",0,"",1,"6558900",20/08/2026,"PV3","(ORIZABA), CANAL ASIG. : ALLOCAT - INDEFINIDO","HRA0167533C","","MGME5","","IMPORTADO","","",339827.10,0.00,339827.10
"PEÑUELA","31397","MAGNITE EXCLUSIVE 1.0 LTS T/M TU","NISSAN","BLANCO GLACIAR BITONO/ORANGE","2026","MDHBD0FA6TG027518","CORDOBA",0,"",34,"6473480",18/07/2026,"PV3","(CORDOBA) (# CONCS. : 00416), CANAL ASIG. : ALLOCAT - INDEFINIDO","HRA0162754C","","MGME6","","IMPORTADO","","",339686.26,0.00,339686.26
"BODEGA JUCHITAN","31448","MAGNITE EXCLUSIVE 1.0 LTS T/M TU","NISSAN","PLATA BITONO/ORANGE","2026","MDHBD0FA3TG025726","JUCHITAN",0,"",25,"6504960",27/07/2026,"PV3","(JUCHITAN) (# CONCS. : 00525), CANAL ASIG. : ALLOCAT - INDEFINIDO","HRA0158809C","","MGME6","","IMPORTADO","","",339686.26,0.00,339686.26
"EN TRANSITO","31770","MAGNITE EXCLUSIVE 1.0 LTS T/M TU","NISSAN","ROJO OPALO/ORANGE","2026","MDHBD0FA8TG029156","TUXTEPEC",0,"",4,"6548250",17/08/2026,"PV3","(TUXTEPEC) (# CONCS. : 00524), CANAL ASIG. : ALLOCAT - INDEFINIDO","HRA0165019C","","MGME6","","IMPORTADO","","",339827.10,0.00,339827.10
"EN TRANSITO","31773","MAGNITE EXCLUSIVE 1.0 LTS T/M TU","NISSAN","ROJO OPALO/ORANGE","2026","MDHBD0FA4TG029624","JUCHITAN",0,"",4,"6548240",17/08/2026,"PV3","(JUCHITAN) (# CONCS. : 00525), CANAL ASIG. : ALLOCAT - INDEFINIDO","HRA0167016C","","MGME6","","IMPORTADO","","",339827.10,0.00,339827.10
"EN TRANSITO","31795","MAGNITE EXCLUSIVE 1.0 LTS T/M TU","NISSAN","ROJO OPALO/ORANGE","2026","MDHBD0FA3TG029436","ORIZABA",0,"",2,"6553460",19/08/2026,"PV3","(ORIZABA), CANAL ASIG. : AVR/MAR - DIRECTA NMX","HRA0165921C","","MGME6","","IMPORTADO","","",339827.10,0.00,339827.10
"EN TRANSITO","31810","MAGNITE EXCLUSIVE 1.0 LTS T/M TU","NISSAN","BLANCO GLACIAR/ORANGE","2026","MDHBD0FA1TG030116","ORIZABA",0,"",1,"6558880",20/08/2026,"PV3","(ORIZABA), CANAL ASIG. : AVR/MAR - DIRECTA NMX","HRA0168665C","","MGME6","","IMPORTADO","","",339827.10,0.00,339827.10
"EN TRANSITO","31816","MAGNITE EXCLUSIVE 1.0 LTS T/M TU","NISSAN","AZUL ARTICO/ORANGE","2026","MDHBD0FA3TG030232","CORDOBA",0,"",1,"6558890",20/08/2026,"PV3","(CORDOBA) (# CONCS. : 00416), CANAL ASIG. : AVR/MAR - DIRECTA NMX","HRA0168125C","","MGME6","","IMPORTADO","","",339827.10,0.00,339827.10
"BODEGA ORIZABA","29456","MARCH ADVANCE T/MAN","NISSAN","BLANCO/NEGRO","2026","3N1CK3CE7TL200562","ORIZABA",0,"",179,"4097550",23/02/2026,"PDE","DEMO | ORIZABA TAPETE HULE LOGO, TAPETE CAJUELA, PORTAPLACAS, ANTIFAZ, ACC PUERTA KH3, ESTRIBO CAJ","HR16470846P","","MRMAB","","NACIONAL","","",254152.26,10557.92,264710.18
"BODEGA TIERRABLANCA","29467","MARCH ADVANCE T/MAN","NISSAN","BLANCO/NEGRO","2026","3N1CK3CE0TL201083","TIERRA BLANCA",0,"",179,"4097548",23/02/2026,"PDE","DEMO | TB | TAP HULE LOGO, TAP CAJUELA, PORTAPLACAS, ANTIFAZ, ACC PUERTA","HR16470587P","","MRMAB","","NACIONAL","","",254152.26,0.00,254152.26
"BODEGA CORDOBA","29470","MARCH ADVANCE T/MAN","NISSAN","BLANCO/NEGRO","2026","3N1CK3CE6TL200469","CORDOBA",0,"",179,"4097549",23/02/2026,"PDE","DEMO | CORDOBA","HR16468369P","","MRMAB","","NACIONAL","","",254152.26,0.00,254152.26
"BODEGA TUXTEPEC","29478","MARCH ADVANCE T/MAN","NISSAN","BLANCO/NEGRO","2026","3N1CK3CE4TL201216","TUXTEPEC",0,"",179,"4097835",23/02/2026,"PDE","DEMO | TUXTEPEC","HR16469742P","","MRMAB","","NACIONAL","","",254152.26,0.00,254152.26
"BODEGA JUCHITAN","29485","MARCH ADVANCE T/MAN","NISSAN","BLANCO/NEGRO","2026","3N1CK3CE3TL200302","JUCHITAN",0,"",179,"4097834",23/02/2026,"PDE","DEMO | JUCHITAN","HR16593639U","","MRMAB","","NACIONAL","","",254152.26,0.00,254152.26
"BODEGA SALINA CRUZ","29492","MARCH ADVANCE T/MAN","NISSAN","BLANCO/NEGRO","2026","3N1CK3CE5TL200382","SALINA CRUZ",0,"",179,"4097836",23/02/2026,"PDE","DEMO | SALINA CRUZ","HR16468512P","","MRMAB","","NACIONAL","","",254152.26,0.00,254152.26
"BODEGA TUXTEPEC","31626","MARCH ADVANCE T/MAN","NISSAN","GRIS OXFORD/NEGRO","2026","3N1CK3CE7TL212081","TUXTEPEC",0,"",16,"4182687",05/08/2026,"0P3","(TUXTEPEC) (# CONCS. : 00524), CANAL ASIG. : ALLOCAT - INDEFINIDO","HR16606065U","","MRMAB","","NACIONAL","","",254417.10,0.00,254417.10
"BODEGA TUXTEPEC","31627","MARCH ADVANCE T/MAN","NISSAN","GRIS OXFORD/NEGRO","2026","3N1CK3CEXTL212124","TUXTEPEC",0,"",16,"4182688",05/08/2026,"0P3","(TUXTEPEC) (# CONCS. : 00524), CANAL ASIG. : ALLOCAT - INDEFINIDO","HR16605001U","","MRMAB","","NACIONAL","","",254417.10,0.00,254417.10
"BODEGA ORIZABA","31687","MARCH ADVANCE T/MAN","NISSAN","PLATA/NEGRO","2026","3N1CK3CE5TL212287","ORIZABA",0,"",11,"4185072",10/08/2026,"0P3","(ORIZABA), CANAL ASIG. : ALLOCAT - INDEFINIDO","HR16606445U","","MRMAB","","NACIONAL","","",254417.10,0.00,254417.10
"BODEGA ORIZABA","31688","MARCH ADVANCE T/MAN","NISSAN","PLATA/NEGRO","2026","3N1CK3CE6TL212394","ORIZABA",0,"",11,"4185073",10/08/2026,"0P3","(ORIZABA), CANAL ASIG. : ALLOCAT - INDEFINIDO","HR16606430U","","MRMAB","","NACIONAL","","",254417.10,0.00,254417.10
"PEÑUELA","31695","MARCH ADVANCE T/MAN","NISSAN","GRIS OXFORD/NEGRO","2026","3N1CK3CE1TL212447","CORDOBA",0,"",11,"4185071",10/08/2026,"0P3","(CORDOBA) (# CONCS. : 00416), CANAL ASIG. : ALLOCAT - INDEFINIDO","HR16606418U","","MRMAB","","NACIONAL","","",254417.10,0.00,254417.10
"PEÑUELA","31696","MARCH ADVANCE T/MAN","NISSAN","GRIS OXFORD/NEGRO","2026","3N1CK3CE8TL212431","CORDOBA",0,"",11,"4185075",10/08/2026,"0P3","(CORDOBA) (# CONCS. : 00416), CANAL ASIG. : ALLOCAT - INDEFINIDO","HR16605871U","","MRMAB","","NACIONAL","","",254417.10,0.00,254417.10
"BODEGA TUXTEPEC","31697","MARCH ADVANCE T/MAN","NISSAN","PLATA/NEGRO","2026","3N1CK3CE0TL212357","TUXTEPEC",0,"",11,"4185227",10/08/2026,"0P3","(TUXTEPEC) (# CONCS. : 00524), CANAL ASIG. : ALLOCAT - INDEFINIDO","HR16606444U","","MRMAB","","NACIONAL","","",254417.10,0.00,254417.10
"BODEGA ORIZABA","31725","MARCH ADVANCE T/MAN","NISSAN","BLANCO/NEGRO","2026","3N1CK3CE2TL212702","ORIZABA",0,"",9,"4186300",12/08/2026,"0P3","18/08/26 406 CARLOS VARILLAS FUENTES","HR16606639U","","MRMAB","","NACIONAL","","",254417.10,0.00,254417.10
"BODEGA ORIZABA","31734","MARCH ADVANCE T/MAN","NISSAN","BLANCO/NEGRO","2026","3N1CK3CE8TL212722","ORIZABA",0,"",8,"4186810",13/08/2026,"0P3","(ORIZABA), CANAL ASIG. : ALLOCAT - INDEFINIDO","HR16607132U","","MRMAB","","NACIONAL","","",254417.10,0.00,254417.10
"EN TRANSITO","31763","MARCH ADVANCE T/MAN","NISSAN","BLANCO/NEGRO","2026","3N1CK3CEXTL213094","CORDOBA",0,"",4,"4187982",17/08/2026,"0P3","(CORDOBA) (# CONCS. : 00416), CANAL ASIG. : ALLOCAT - INDEFINIDO","HR16607608U","","MRMAB","","NACIONAL","","",254417.10,0.00,254417.10
"EN TRANSITO","31783","MARCH ADVANCE T/MAN","NISSAN","BLANCO/NEGRO","2026","3N1CK3CE3TL211333","CORDOBA",0,"",3,"4188409",18/08/2026,"P1F","19/08/26 FLOTA BUEN CAPITAL","HR16605068U","","MRMAB","","NACIONAL","","",254417.10,0.00,254417.10
"EN TRANSITO","31789","MARCH ADVANCE T/MAN","NISSAN","BLANCO/NEGRO","2026","3N1CK3CE3TL212711","JUCHITAN",0,"",3,"4188561",18/08/2026,"0P3","(JUCHITAN) (# CONCS. : 00525), CANAL ASIG. : ALLOCAT - INDEFINIDO","HR16607158U","","MRMAB","","NACIONAL","","",254417.10,0.00,254417.10
"EN TRANSITO","31817","MARCH ADVANCE T/MAN","NISSAN","PLATA/NEGRO","2026","3N1CK3CE9TL213524","CORDOBA",0,"",1,"4189758",20/08/2026,"0P3","(CORDOBA) (# CONCS. : 00416), CANAL ASIG. : ALLOCAT - INDEFINIDO","HR16607997U","","MRMAB","","NACIONAL","","",254417.10,0.00,254417.10
"BODEGA ORIZABA","31495","MARCH SENSE T/MAN","NISSAN","AZUL COBALTO/NEGRO","2026","3N1CK3CE9TL210624","ORIZABA",0,"",23,"4178080",29/07/2026,"0P3","DISPONIBLE","HR16604161U","","MRMSB","","NACIONAL","","",232670.26,0.00,232670.26
"BODEGA ORIZABA","31496","MARCH SENSE T/MAN","NISSAN","AZUL COBALTO/NEGRO","2026","3N1CK3CEXTL211071","ORIZABA",0,"",23,"4178082",29/07/2026,"0P3","(ORIZABA), CANAL ASIG. : AVR/MAR - DIRECTA NMX","HR16604876U","","MRMSB","","NACIONAL","","",232670.26,132.85,232803.11
"BODEGA TUXTEPEC","31509","MARCH SENSE T/MAN","NISSAN","AZUL COBALTO/NEGRO","2026","3N1CK3CE0TL210365","TUXTEPEC",0,"",23,"4178336",29/07/2026,"0P3","(TUXTEPEC) (# CONCS. : 00524), CANAL ASIG. : AVR/MAR - DIRECTA NMX","HR16604028U","","MRMSB","","NACIONAL","","",232670.26,0.00,232670.26
"BODEGA TUXTEPEC","31510","MARCH SENSE T/MAN","NISSAN","AZUL COBALTO/NEGRO","2026","3N1CK3CE2TL211484","TUXTEPEC",0,"",23,"4178337",29/07/2026,"0P3","(TUXTEPEC) (# CONCS. : 00524), CANAL ASIG. : AVR/MAR - DIRECTA NMX","HR16605326U","","MRMSB","","NACIONAL","","",232670.26,0.00,232670.26
"BODEGA TUXTEPEC","31511","MARCH SENSE T/MAN","NISSAN","AZUL COBALTO/NEGRO","2026","3N1CK3CE3TL210361","TUXTEPEC",0,"",23,"4178338",29/07/2026,"0P3","(TUXTEPEC) (# CONCS. : 00524), CANAL ASIG. : AVR/MAR - DIRECTA NMX","HR16603604U","","MRMSB","","NACIONAL","","",232670.26,0.00,232670.26
"BODEGA TUXTEPEC","31513","MARCH SENSE T/MAN","NISSAN","AZUL COBALTO/NEGRO","2026","3N1CK3CE5TL210118","TUXTEPEC",0,"",23,"4178340",29/07/2026,"0P3","(TUXTEPEC) (# CONCS. : 00524), CANAL ASIG. : AVR/MAR - DIRECTA NMX","HR16602602U","","MRMSB","","NACIONAL","","",232670.26,0.00,232670.26
"BODEGA TUXTEPEC","31514","MARCH SENSE T/MAN","NISSAN","AZUL COBALTO/NEGRO","2026","3N1CK3CE6TL210354","TUXTEPEC",0,"",23,"4178341",29/07/2026,"0P3","(TUXTEPEC) (# CONCS. : 00524), CANAL ASIG. : AVR/MAR - DIRECTA NMX","HR16603608U","","MRMSB","","NACIONAL","","",232670.26,0.00,232670.26
"BODEGA TUXTEPEC","31515","MARCH SENSE T/MAN","NISSAN","AZUL COBALTO/NEGRO","2026","3N1CK3CE6TL210497","TUXTEPEC",0,"",23,"4178342",29/07/2026,"0P3","(TUXTEPEC) (# CONCS. : 00524), CANAL ASIG. : AVR/MAR - DIRECTA NMX","HR16603877U","","MRMSB","","NACIONAL","","",232670.26,0.00,232670.26
"BODEGA TUXTEPEC","31516","MARCH SENSE T/MAN","NISSAN","AZUL COBALTO/NEGRO","2026","3N1CK3CE9TL209621","TUXTEPEC",0,"",23,"4178343",29/07/2026,"0P3","(TUXTEPEC) (# CONCS. : 00524), CANAL ASIG. : AVR/MAR - DIRECTA NMX","HR16603190U","","MRMSB","","NACIONAL","","",232670.26,0.00,232670.26
"EN TRANSITO","31811","MARCH SENSE T/MAN","NISSAN","BLANCO/NEGRO","2026","3N1CK3CE3TL212689","ORIZABA",0,"IVAN ORTIN GASCA",1,"4189753",20/08/2026,"0P3","21/08/26 406 KARINA HERNANDEZ","HR16607102U","","MRMSB","","NACIONAL","","",232812.60,0.00,232812.60
"EN TRANSITO","31812","MARCH SENSE T/MAN","NISSAN","BLANCO/NEGRO","2026","3N1CK3CE4TL213026","ORIZABA",0,"IVAN ORTIN GASCA",1,"4189754",20/08/2026,"0P3","21/08/26 406 KARINA HERNANDEZ","HR16606896U","","MRMSB","","NACIONAL","","",232812.60,0.00,232812.60
"EN TRANSITO","31813","MARCH SENSE T/MAN","NISSAN","BLANCO/NEGRO","2026","3N1CK3CE7TL212887","ORIZABA",0,"",1,"4189757",20/08/2026,"0P3","(ORIZABA), CANAL ASIG. : AVR/MAR - DIRECTA NMX","HR16607085U","","MRMSB","","NACIONAL","","",232812.60,0.00,232812.60
"EN TRANSITO","31814","MARCH SENSE T/MAN","NISSAN","BLANCO/NEGRO","2026","3N1CK3CE6TL213299","TIERRA BLANCA",0,"",1,"4189756",20/08/2026,"0P3","(TIERRA BLANCA) (# CONCS. : 00410), CANAL ASIG. : AVR/MAR - DIRECTA NMX","HR16607505U","","MRMSB","","NACIONAL","","",232812.60,0.00,232812.60
"EN TRANSITO","31818","MARCH SENSE T/MAN","NISSAN","BLANCO/NEGRO","2026","3N1CK3CE4TL213043","CORDOBA",0,"JULIO CESAR SANTOS V",1,"4189755",20/08/2026,"0P3","21/08/26 416 GLORIA MONTAÑO MARIN","HR16606869U","","MRMSB","","NACIONAL","","",232812.60,0.00,232812.60
"BODEGA ORIZABA","29345","SENTRA ADVANCE CVT 2.0 LTS","NISSAN","GRIS OXFORD/NEGRO","2026","3N1AB9AE0TY237906","ORIZABA",0,"",182,"4093317",20/02/2026,"P4V","TAPETES RIGIDOS $ 1770 + TAPETE RIGIDO CAJUELA $ 2,580","MR20318743K","","NSAC1","","NACIONAL","","",369880.26,2037.19,371917.45
"PEÑUELA","29364","SENTRA ADVANCE CVT 2.0 LTS","NISSAN","ROJO BURDEOS/NEGRO","2026","3N1AB9AE9TY236527","CORDOBA",0,"",182,"4093320",20/02/2026,"P4V","SERV ADD RT 1 AÑO, NITRO ACCESORIO TAPON","MR20313826K","","NSAC1","","NACIONAL","","",369880.26,0.00,369880.26
"BODEGA SALINA CRUZ","29403","SENTRA ADVANCE CVT 2.0 LTS","NISSAN","GRIS OXFORD/NEGRO","2026","3N1AB9AE5TY254183","SALINA CRUZ",0,"",182,"4093865",20/02/2026,"P4V","(SALINA CRUZ) (# CONCS. : 00526), CANAL ASIG. : ALLOCAT - INDEFINIDO","MR20349514K","","NSAC1","","NACIONAL","","",369880.26,0.00,369880.26
"BODEGA TUXTEPEC","29720","SENTRA ADVANCE CVT 2.0 LTS","NISSAN","ROJO BURDEOS/NEGRO","2026","3N1AB9AE2TY257641","TUXTEPEC",0,"",169,"4105467",05/03/2026,"P4V","TARJETA DE 1 AÑO NCF","MR20357540K","","NSAC1","","NACIONAL","","",369880.26,0.00,369880.26
"PEÑUELA","29744","SENTRA ADVANCE CVT 2.0 LTS","NISSAN","BLANCO PERLADO/NEGRO","2026","3N1AB9AE3TY257213","CORDOBA",0,"",165,"4106132",09/03/2026,"P4V","TAPETES USO RUDO, TAPETE CAJUELA GANCHO P/ BOLSA, ORTAPLACAS,","MR20352240K","","NSAC1","","NACIONAL","","",369880.26,0.00,369880.26
"BODEGA ORIZABA","29776","SENTRA ADVANCE CVT 2.0 LTS","NISSAN","GRIS OXFORD/NEGRO","2026","3N1AB9AE8TY263704","ORIZABA",0,"",162,"4107374",12/03/2026,"P4V","ORGANIZADOR DE CAJ + KIT DE EMERGENCIA","MR20372834K","","NSAC1","","NACIONAL","","",369880.26,3333.24,373213.50
"BODEGA TUXTEPEC","29801","SENTRA ADVANCE CVT 2.0 LTS","NISSAN","GRIS OXFORD/NEGRO","2026","3N1AB9AE4TY261657","TUXTEPEC",0,"",161,"4108869",13/03/2026,"P4V","KIT DE EMERGENCIA $ 2,590 + TAPETES RIGIDOS $ 1,770","MR20366911K","","NSAC1","","NACIONAL","","",369880.26,0.00,369880.26
"BODEGA TUXTEPEC","29802","SENTRA ADVANCE CVT 2.0 LTS","NISSAN","ROJO BURDEOS/NEGRO","2026","3N1AB9AE8TY263105","TUXTEPEC",0,"",161,"4108870",13/03/2026,"P4V","TAPETES USO RUDO, TAPETE CAJUELA","MR20370377K","","NSAC1","","NACIONAL","","",369880.26,0.00,369880.26
"BODEGA ORIZABA","29836","SENTRA ADVANCE CVT 2.0 LTS","NISSAN","BLANCO PERLADO/NEGRO","2026","3N1AB9AE8TY236695","ORIZABA",0,"",155,"4113674",19/03/2026,"P4V","TAPETES RIGIDOS $ 1770 + TAPETE RIGIDO CAJUELA $ 2,580","MR20317656K","","NSAC1","","NACIONAL","","",369880.26,2438.57,372318.83
"BODEGA ORIZABA","29837","SENTRA ADVANCE CVT 2.0 LTS","NISSAN","AZUL VIBRANTE/NEGRO","2026","3N1AB9AE5TY261635","ORIZABA",0,"",155,"4113673",19/03/2026,"P4V","RED DE CAJUELA $520+ GANCHO CAJUELA BOLSAS $ 740.00 + TAPETES RIGIDOS $ 1,770.00","MR20365952K","","NSAC1","","NACIONAL","","",369880.26,1601.95,371482.21
"BODEGA TUXTEPEC","29844","SENTRA ADVANCE CVT 2.0 LTS","NISSAN","BLANCO PERLADO/NEGRO","2026","3N1AB9AE2TY262306","TUXTEPEC",0,"",155,"4113903",19/03/2026,"P4V","KIT DE EMERGENCIA $ 2,590 + TAPETES RIGIDOS $ 1,770","MR20368099K","","NSAC1","","NACIONAL","","",369880.26,0.00,369880.26
"BODEGA ORIZABA","29862","SENTRA ADVANCE CVT 2.0 LTS","NISSAN","ROJO BURDEOS/NEGRO","2026","3N1AB9AE2TY261964","ORIZABA",0,"",152,"4114759",22/03/2026,"P4V","KIT DE EMERGENCIA","MR20366912K","","NSAC1","","NACIONAL","","",369880.26,1654.36,371534.62
"BODEGA TIERRABLANCA","29912","SENTRA ADVANCE CVT 2.0 LTS","NISSAN","ROJO BURDEOS/NEGRO","2026","3N1AB9AE3TY263013","TIERRA BLANCA",0,"",150,"4116208",24/03/2026,"P4V","RED DE CAJUELA $520+ GANCHO CAJUELA BOLSAS $ 740.00 + TAPETES RIGIDOS $ 1,770.00","MR20353614K","","NSAC1","","NACIONAL","","",369880.26,0.00,369880.26
"BODEGA TUXTEPEC","30002","SENTRA ADVANCE CVT 2.0 LTS","NISSAN","AZUL VIBRANTE/NEGRO","2026","3N1AB9AE6TY262986","TUXTEPEC",0,"",150,"4116426",24/03/2026,"P4V","TARJETA DE 1 AÑO NCF","MR20356859K","","NSAC1","","NACIONAL","","",369880.26,0.00,369880.26
"BODEGA JUCHITAN","30019","SENTRA ADVANCE CVT 2.0 LTS","NISSAN","GRIS OXFORD/NEGRO","2026","3N1AB9AE8TY270104","JUCHITAN",0,"",150,"4116427",24/03/2026,"P4V","(JUCHITAN) (# CONCS. : 00525), CANAL ASIG. : ALLOCAT - INDEFINIDO","MR20380935K","","NSAC1","","NACIONAL","","",369880.26,0.00,369880.26
"BODEGA JUCHITAN","30072","SENTRA ADVANCE CVT 2.0 LTS","NISSAN","AZUL VIBRANTE/NEGRO","2026","3N1AB9AEXTY271822","JUCHITAN",0,"",149,"4117977",25/03/2026,"P4V","DISPONIBLE | DAÑO EN PUERTA","MR20383796K","","NSAC1","","NACIONAL","","",369880.26,0.00,369880.26
"BODEGA TIERRABLANCA","30212","SENTRA ADVANCE CVT 2.0 LTS","NISSAN","GRAFENO/NEGRO","2026","3N1AB9AE7TY271681","TIERRA BLANCA",0,"",143,"4123215",31/03/2026,"P4V","(TIERRA BLANCA) (# CONCS. : 00410), CANAL ASIG. : ALLOCAT - INDEFINIDO","MR20385054K","","NSAC1","","NACIONAL","","",369880.26,0.00,369880.26
"BODEGA ORIZABA","30259","SENTRA ADVANCE CVT 2.0 LTS","NISSAN","GRAFENO/NEGRO","2026","3N1AB9AE1TY270607","ORIZABA",0,"",143,"4124434",31/03/2026,"P4V","KIT DE EMERGENCIA","MR20384407K","","NSAC1","","NACIONAL","","",369880.26,1654.36,371534.62
"BODEGA SALINA CRUZ","30296","SENTRA ADVANCE CVT 2.0 LTS","NISSAN","ROJO BURDEOS/NEGRO","2026","3N1AB9AE7TY277500","SALINA CRUZ",0,"",130,"4126082",13/04/2026,"P4V","DISPONIBLE","MR20390759K","","NSAC1","","NACIONAL","","",370002.26,0.00,370002.26
"BODEGA SALINA CRUZ","30418","SENTRA ADVANCE CVT 2.0 LTS","NISSAN","NEGRO/NEGRO","2026","3N1AB9AE4TY285571","SALINA CRUZ",0,"",113,"4133218",30/04/2026,"P4V","DISPONIBLE","MR20400401K","","NSAC1","","NACIONAL","","",370002.26,0.00,370002.26
"BODEGA TIERRABLANCA","30802","SENTRA ADVANCE CVT 2.0 LTS","NISSAN","GRAFENO/NEGRO","2026","3N1AB9AE0TY297524","TIERRA BLANCA",0,"",84,"4147222",29/05/2026,"P4V","(TIERRA BLANCA) (# CONCS. : 00410), CANAL ASIG. : ALLOCAT - INDEFINIDO","MR20437719K","","NSAC1","","NACIONAL","","",370002.26,0.00,370002.26
"PEÑUELA","30877","SENTRA ADVANCE CVT 2.0 LTS","NISSAN","AZUL VIBRANTE/NEGRO","2026","3N1AB9AE3TY299798","CORDOBA",0,"",82,"4149090",31/05/2026,"P4V","TAPETES USO RUDO, TAPETE CAJUELA GANCHO P/ BOLSA, PORTAPLACAS, NITRO ACC TAPON","MR20443324K","","NSAC1","","NACIONAL","","",370002.26,0.00,370002.26
"PEÑUELA","30878","SENTRA ADVANCE CVT 2.0 LTS","NISSAN","GRIS OXFORD/NEGRO","2026","3N1AB9AE9TY292211","CORDOBA",0,"",82,"4149091",31/05/2026,"P4V","TAPETES USO RUDO, TAPETE CAJUELA GANCHO P/ BOLSA, PORTAPLACAS, NITRO ACC TAPON","MR20425634K","","NSAC1","","NACIONAL","","",370002.26,0.00,370002.26
"BODEGA ORIZABA","31248","SENTRA ADVANCE CVT 2.0 LTS","NISSAN","BLANCO PERLADO/NEGRO","2026","3N1AB9AEXTY310683","ORIZABA",0,"",53,"4165172",29/06/2026,"P4V","(ORIZABA), CANAL ASIG. : ALLOCAT - INDEFINIDO","MR20462085K","","NSAC1","","NACIONAL","","",357559.26,0.00,357559.26
"BODEGA JUCHITAN","31264","SENTRA ADVANCE CVT 2.0 LTS","NISSAN","GRIS OXFORD/NEGRO","2026","3N1AB9AE5TY306928","JUCHITAN",0,"",53,"4165360",29/06/2026,"P4V","(JUCHITAN) (# CONCS. : 00525), CANAL ASIG. : ALLOCAT - INDEFINIDO","MR20454971K","","NSAC1","","NACIONAL","","",357559.26,0.00,357559.26
"BODEGA JUCHITAN","31265","SENTRA ADVANCE CVT 2.0 LTS","NISSAN","BLANCO PERLADO/NEGRO","2026","3N1AB9AE6TY315900","JUCHITAN",0,"",53,"4165361",29/06/2026,"P4V","(JUCHITAN) (# CONCS. : 00525), CANAL ASIG. : ALLOCAT - INDEFINIDO","MR20469272K","","NSAC1","","NACIONAL","","",357559.26,0.00,357559.26
"PEÑUELA","31282","SENTRA ADVANCE CVT 2.0 LTS","NISSAN","GRAFENO/NEGRO","2026","3N1AB9AE3TY307642","CORDOBA",0,"",52,"4166124",30/06/2026,"P4V","TAPETES USO RUDO, TAPETE CAJUELA GANCHO P/ BOLSA, PORTAPLACAS, NITRO ACC TAPON","MR20455891K","","NSAC1","","NACIONAL","","",357559.26,0.00,357559.26
"BODEGA ORIZABA","31566","SENTRA ADVANCE CVT 2.0 LTS","NISSAN","NEGRO/NEGRO","2026","3N1AB9AE3TY320651","ORIZABA",0,"",17,"4181927",04/08/2026,"P4V","(ORIZABA), CANAL ASIG. : ALLOCAT - INDEFINIDO","MR20483488K","","NSAC1","","NACIONAL","","",357714.10,0.00,357714.10
"BODEGA ORIZABA","29347","SENTRA SR PLATINUM CVT 2.0 LTS","NISSAN","NARANJA MAGMA BITONO/ NEGRO SPORT","2026","3N1AB9AE3TY239357","ORIZABA",0,"",182,"4093331",20/02/2026,"PDE","DEMO | TAPETES+PORTA PLAC+RED CAJ Y CONSOLA+ LODERAS+GANCHO P BOLSA+ESTRIBOS LUM+CONECTOR+KIT EMERG+","MR20323796K","","NSPC1","","NACIONAL","","",422728.26,11993.24,434721.50
"BODEGA TIERRABLANCA","29358","SENTRA SR PLATINUM CVT 2.0 LTS","NISSAN","NARANJA MAGMA BITONO/ NEGRO SPORT","2026","3N1AB9AE7TY237708","TIERRA BLANCA",0,"",182,"4093335",20/02/2026,"PDE","DEMO | TB | TAPTES,PORTAPLAC,RED CAJ,GANCHO P/BOL,ESTR ILUM,KIT EMERG,SET 4LODERAS,PROT CAJ,RED CONS","MR20318716K","","NSPC1","","NACIONAL","","",422728.26,0.00,422728.26
"BODEGA CORDOBA","29366","SENTRA SR PLATINUM CVT 2.0 LTS","NISSAN","GRAFENO BITONO/NEGRO SPORT","2026","3N1AB9AE3TY248334","CORDOBA",0,"",182,"4093332",20/02/2026,"P4V","TAPETES USO RUDO | ESTRIBOS LUMINOSOS | KIT DE EMERGENCIA","MR20339427K","","NSPC1","","NACIONAL","","",422728.26,0.00,422728.26
"BODEGA CORDOBA","29367","SENTRA SR PLATINUM CVT 2.0 LTS","NISSAN","NARANJA MAGMA BITONO/ NEGRO SPORT","2026","3N1AB9AE3TY227676","CORDOBA",0,"",182,"4093330",20/02/2026,"PDE","DEMO | TAPETES HULE Y CAJUELA,PORTAPLACAS,REDCAJUELA,GANCHO P/BOLSA,ESTRIBOS ILUM","MR20304199K","","NSPC1","","NACIONAL","","",422728.26,0.00,422728.26
"PEÑUELA","29371","SENTRA SR PLATINUM CVT 2.0 LTS","NISSAN","GRAFENO/ NEGRO SPORT","2026","3N1AB9AE6TY248828","CORDOBA",0,"",182,"4093334",20/02/2026,"P4V","DISPONIBLE","MR20340046K","","NSPC1","","NACIONAL","","",422728.26,0.00,422728.26
"BODEGA TUXTEPEC","29385","SENTRA SR PLATINUM CVT 2.0 LTS","NISSAN","NARANJA MAGMA BITONO/ NEGRO SPORT","2026","3N1AB9AE4TY238699","TUXTEPEC",0,"",182,"4093872",20/02/2026,"PDE","DEMO | CONECTOR,ESTRIBOS,GANCHO BOLSA,KIT EMERG,PORTAP,PROT Y RED CAJ,KIT LOD,TAPETE RUDO, RED CONSO","MR20322589K","","NSPC1","","NACIONAL","","",422728.26,0.00,422728.26
"BODEGA JUCHITAN","29397","SENTRA SR PLATINUM CVT 2.0 LTS","NISSAN","NARANJA MAGMA BITONO/ NEGRO SPORT","2026","3N1AB9AE8TY237670","JUCHITAN",0,"",182,"4093873",20/02/2026,"PDE","DEMO | JUCHITAN","MR20319391K","","NSPC1","","NACIONAL","","",422728.26,0.00,422728.26
"BODEGA SALINA CRUZ","29404","SENTRA SR PLATINUM CVT 2.0 LTS","NISSAN","NARANJA MAGMA BITONO/ NEGRO SPORT","2026","3N1AB9AE0TY236352","SALINA CRUZ",0,"",182,"4093871",20/02/2026,"PDE","DEMO | SALINA CRUZ | PORTAPLACAS,PROTECTOR CAJUELA,SET LODERAS TRAS","MR20314590K","","NSPC1","","NACIONAL","","",422728.26,0.00,422728.26
"PEÑUELA","30361","SENTRA SR PLATINUM CVT 2.0 LTS","NISSAN","ROJO BURDEOS/NEGRO SPORT","2026","3N1AB9AE1TY284183","CORDOBA",0,"",116,"4130621",27/04/2026,"P4V","DISPONIBLE","MR20407699K","","NSPC1","","NACIONAL","","",422850.26,0.00,422850.26
"BODEGA JUCHITAN","30398","SENTRA SR PLATINUM CVT 2.0 LTS","NISSAN","GRAFENO/ NEGRO SPORT","2026","3N1AB9AE5TY286633","JUCHITAN",0,"",114,"4132524",29/04/2026,"P4V","(JUCHITAN) (# CONCS. : 00525), CANAL ASIG. : ALLOCAT - INDEFINIDO","MR20400388K","","NSPC1","","NACIONAL","","",422850.26,0.00,422850.26
"BODEGA ORIZABA","31567","SENTRA SR PLATINUM CVT 2.0 LTS","NISSAN","BLANCO PERLADO/NEGRO SPORT","2026","3N1AB9AE0TY322325","ORIZABA",0,"",17,"4181928",04/08/2026,"P4V","(ORIZABA), CANAL ASIG. : ALLOCAT - INDEFINIDO","MR20490507K","","NSPC1","","NACIONAL","","",423061.60,0.00,423061.60
"BODEGA ORIZABA","31568","SENTRA SR PLATINUM CVT 2.0 LTS","NISSAN","BLANCO PERLADO BITONO/NEGRO SPORT","2026","3N1AB9AE3TY320178","ORIZABA",0,"",17,"4181930",04/08/2026,"P4V","(ORIZABA), CANAL ASIG. : ALLOCAT - INDEFINIDO","MR20479172K","","NSPC1","","NACIONAL","","",423061.60,0.00,423061.60
"PEÑUELA","31579","SENTRA SR PLATINUM CVT 2.0 LTS","NISSAN","GRAFENO/ NEGRO SPORT","2026","3N1AB9AE3TY319385","CORDOBA",0,"",17,"4181929",04/08/2026,"P4V","(CORDOBA) (# CONCS. : 00416), CANAL ASIG. : ALLOCAT - INDEFINIDO","MR20480099K","","NSPC1","","NACIONAL","","",423061.60,0.00,423061.60
"BODEGA TIERRABLANCA","29359","SENTRA SR CVT 2.0 LTS","NISSAN","NARANJA MAGNA/ NEGRO SPORT","2026","3N1AB9AE8TY234588","TIERRA BLANCA",0,"",182,"4093326",20/02/2026,"P4V","(TIERRA BLANCA) (# CONCS. : 00410), CANAL ASIG. : ALLOCAT - INDEFINIDO","MR20314628K","","NSRC1","","NACIONAL","","",408328.26,0.00,408328.26
"PEÑUELA","29374","SENTRA SR CVT 2.0 LTS","NISSAN","ROJO BURDEOS/NEGRO SPORT","2026","3N1AB9AE8TY234445","CORDOBA",0,"",182,"4093325",20/02/2026,"P4V","SERV ADD RT 2 AÑOS, NITRO ACCESORIO TAPON","MR20313844K","","NSRC1","","NACIONAL","","",408328.26,0.00,408328.26
"PEÑUELA","29375","SENTRA SR CVT 2.0 LTS","NISSAN","GRAFENO/ NEGRO SPORT","2026","3N1AB9AE4TY234250","CORDOBA",0,"",182,"4093322",20/02/2026,"P4V","SERV ADD RT 2 AÑOS, NITRO ACCESORIO TAPON","MR20313849K","","NSRC1","","NACIONAL","","",408328.26,0.00,408328.26
"BODEGA JUCHITAN","29398","SENTRA SR CVT 2.0 LTS","NISSAN","NARANJA MAGNA/ NEGRO SPORT","2026","3N1AB9AE5TY235262","JUCHITAN",0,"",182,"4093869",20/02/2026,"P4V","DAÑO CARROCERIA","MR20313833K","","NSRC1","","NACIONAL","","",408328.26,0.00,408328.26
"BODEGA ORIZABA","29777","SENTRA SR CVT 2.0 LTS","NISSAN","NARANJA MAGNA/ NEGRO SPORT","2026","3N1AB9AE8TY260608","ORIZABA",0,"",162,"4107375",12/03/2026,"P4V","KIT DE EMERGENCIA","MR20365953K","","NSRC1","","NACIONAL","","",408328.26,1787.20,410115.46
"BODEGA SALINA CRUZ","30042","SENTRA SR CVT 2.0 LTS","NISSAN","NARANJA MAGNA/ NEGRO SPORT","2026","3N1AB9AE8TY262150","SALINA CRUZ",0,"",150,"4116428",24/03/2026,"P4V","(SALINA CRUZ) (# CONCS. : 00526), CANAL ASIG. : ALLOCAT - INDEFINIDO","MR20366917K","","NSRC1","","NACIONAL","","",408328.26,0.00,408328.26
"BODEGA ORIZABA","30140","SENTRA SR CVT 2.0 LTS","NISSAN","ROJO BURDEOS/NEGRO SPORT","2026","3N1AB9AEXTY273022","ORIZABA",0,"",146,"4120556",28/03/2026,"P4V","KIT DE EMERGENCIA","MR20385056K","","NSRC1","","NACIONAL","","",408328.26,1654.36,409982.62
"BODEGA ORIZABA","30197","SENTRA SR CVT 2.0 LTS","NISSAN","BLANCO PERLADO/NEGRO SPORT","2026","3N1AB9AE3TY271760","ORIZABA",0,"",143,"4122115",31/03/2026,"P4V","KIT DE EMERGENCIA","MR20385127K","","NSRC1","","NACIONAL","","",408328.26,1654.36,409982.62
"BODEGA TUXTEPEC","30362","SENTRA SR CVT 2.0 LTS","NISSAN","NARANJA MAGNA/ NEGRO SPORT","2026","3N1AB9AE4TY284484","TUXTEPEC",0,"",116,"4130620",27/04/2026,"P4V","TAPETES USO RUDO","MR20407706K","","NSRC1","","NACIONAL","","",408450.26,0.00,408450.26
"PEÑUELA","31170","SENTRA SR CVT 2.0 LTS","NISSAN","GRAFENO BITONO/NEGRO SPORT","2026","3N1AB9AE4TY314969","CORDOBA",0,"",58,"4160141",24/06/2026,"P4V","SERV ADD RT 2 AÑOS, NITRO ACCESORIO TAPON","MR20465465K","","NSRC1","","NACIONAL","","",390675.26,0.00,390675.26
"PEÑUELA","29376","SENTRA SENSE CVT 2.0 LTS","NISSAN","GRIS OXFORD/NEGRO","2026","3N1AB9AE9TY248936","CORDOBA",0,"",182,"4093313",20/02/2026,"P4V","SERV ADD RT 1 AÑO, NITRO ACCESORIO TAPON","MR20341115K","","NSSC1","","NACIONAL","","",355163.26,0.00,355163.26
"BODEGA CORDOBA","29505","SENTRA SENSE CVT 2.0 LTS","NISSAN","BLANCO PERLADO/NEGRO","2026","3N1AB9AE3TY236863","CORDOBA",0,"",178,"4098116",24/02/2026,"PCN","DEMO | FLOTILLA","MR20302212K","","NSSC1","","NACIONAL","","",355163.26,0.00,355163.26
"PEÑUELA","29745","SENTRA SENSE CVT 2.0 LTS","NISSAN","ROJO BURDEOS/NEGRO","2026","3N1AB9AE8TY256848","CORDOBA",0,"",165,"4106131",09/03/2026,"P4V","SERV ADD RT 1 AÑO, NITRO ACCESORIO TAPON","MR20354949K","","NSSC1","","NACIONAL","","",355163.26,0.00,355163.26
"BODEGA JUCHITAN","29760","SENTRA SENSE CVT 2.0 LTS","NISSAN","ROJO BURDEOS/NEGRO","2026","3N1AB9AE6TY256427","JUCHITAN",0,"",165,"4106239",09/03/2026,"P4V","DISPONIBLE","MR20355747K","","NSSC1","","NACIONAL","","",355163.26,0.00,355163.26
"BODEGA ORIZABA","29799","SENTRA SENSE CVT 2.0 LTS","NISSAN","GRAFENO/NEGRO","2026","3N1AB9AE6TY263927","ORIZABA",0,"",161,"4108702",13/03/2026,"P4V","TAPETES RIGIDOS $ 1770 + TAPETE RIGIDO CAJUELA $ 2,580","MR20372790K","","NSSC1","","NACIONAL","","",355163.26,2438.57,357601.83
"BODEGA JUCHITAN","29805","SENTRA SENSE CVT 2.0 LTS","NISSAN","GRAFENO/NEGRO","2026","3N1AB9AE8TY259975","JUCHITAN",0,"",161,"4107922",13/03/2026,"P4V","DISPONIBLE","MR20363027K","","NSSC1","","NACIONAL","","",355163.26,0.00,355163.26
"BODEGA ORIZABA","29877","SENTRA SENSE CVT 2.0 LTS","NISSAN","GRIS OXFORD/NEGRO","2026","3N1AB9AE6TY262504","ORIZABA",0,"",151,"4115427",23/03/2026,"P4V","TAPETES RIGIDOS $ 1770 + TAETE RIGIDO CAJUELA $ 2,580","MR20354918K","","NSSC1","","NACIONAL","","",355163.26,2438.56,357601.82
"BODEGA TUXTEPEC","29885","SENTRA SENSE CVT 2.0 LTS","NISSAN","BLANCO PERLADO/NEGRO","2026","3N1AB9AE6TY268531","TUXTEPEC",0,"",151,"4115542",23/03/2026,"P4V","KIT DE EMERGENCIA $ 2,590 + TAPETES RIGIDOS $ 1,770","MR20380904K","","NSSC1","","NACIONAL","","",355163.26,0.00,355163.26
"BODEGA TIERRABLANCA","29913","SENTRA SENSE CVT 2.0 LTS","NISSAN","GRIS OXFORD/NEGRO","2026","3N1AB9AE3TY268891","TIERRA BLANCA",0,"",150,"4116204",24/03/2026,"P4V","DISPONIBLE","MR20378766K","","NSSC1","","NACIONAL","","",355163.26,0.00,355163.26
"BODEGA TIERRABLANCA","29914","SENTRA SENSE CVT 2.0 LTS","NISSAN","ROJO BURDEOS/NEGRO","2026","3N1AB9AE6TY270392","TIERRA BLANCA",0,"",150,"4116206",24/03/2026,"P4V","RED DE CAJUELA $520+ GANCHO CAJUELA BOLSAS $ 740.00 + TAPETES RIGIDOS $ 1,770.00","MR20382610K","","NSSC1","","NACIONAL","","",355163.26,0.00,355163.26
"BODEGA TUXTEPEC","30004","SENTRA SENSE CVT 2.0 LTS","NISSAN","GRAFENO/NEGRO","2026","3N1AB9AE5TY262736","TUXTEPEC",0,"",150,"4116423",24/03/2026,"P4V","TAPETES USO RUDO, TAPETE CAJUELA","MR20366930K","","NSSC1","","NACIONAL","","",355163.26,0.00,355163.26
"BODEGA JUCHITAN","30023","SENTRA SENSE CVT 2.0 LTS","NISSAN","GRIS OXFORD/NEGRO","2026","3N1AB9AE9TY262481","JUCHITAN",0,"",150,"4116424",24/03/2026,"P4V","(JUCHITAN) (# CONCS. : 00525), CANAL ASIG. : ALLOCAT - INDEFINIDO","MR20368053K","","NSSC1","","NACIONAL","","",355163.26,0.00,355163.26
"BODEGA ORIZABA","30093","SENTRA SENSE CVT 2.0 LTS","NISSAN","ROJO BURDEOS/NEGRO","2026","3N1AB9AE4TY272772","ORIZABA",0,"",148,"4118420",26/03/2026,"P4V","KIT DE EMERGENCIA","MR20385831K","","NSSC1","","NACIONAL","","",355163.26,1654.36,356817.62
"BODEGA TUXTEPEC","30268","SENTRA SENSE CVT 2.0 LTS","NISSAN","BLANCO PERLADO/NEGRO","2026","3N1AB9AE4TY268897","TUXTEPEC",0,"",143,"4124658",31/03/2026,"P4V","TAPETES USO RUDO, TAPETE CAJUELA","MR20378765K","","NSSC1","","NACIONAL","","",355163.26,0.00,355163.26
"BODEGA TUXTEPEC","30269","SENTRA SENSE CVT 2.0 LTS","NISSAN","BLANCO PERLADO/NEGRO","2026","3N1AB9AE9TY270015","TUXTEPEC",0,"",143,"4124659",31/03/2026,"P4V","TAPETES USO RUDO","MR20377500K","","NSSC1","","NACIONAL","","",355163.26,0.00,355163.26
"BODEGA TUXTEPEC","30270","SENTRA SENSE CVT 2.0 LTS","NISSAN","BLANCO PERLADO/NEGRO","2026","3N1AB9AE2TY272138","TUXTEPEC",0,"",143,"4124657",31/03/2026,"P4V","TAPETES USO RUDO","MR20383703K","","NSSC1","","NACIONAL","","",355163.26,0.00,355163.26
"BODEGA SALINA CRUZ","30295","SENTRA SENSE CVT 2.0 LTS","NISSAN","ROJO BURDEOS/NEGRO","2026","3N1AB9AE2TY276254","SALINA CRUZ",0,"",133,"4125855",10/04/2026,"P4V","(SALINA CRUZ) (# CONCS. : 00526), CANAL ASIG. : ALLOCAT - INDEFINIDO","MR20395105K","","NSSC1","","NACIONAL","","",355285.26,0.00,355285.26
"BODEGA SALINA CRUZ","30301","SENTRA SENSE CVT 2.0 LTS","NISSAN","BLANCO PERLADO/NEGRO","2026","3N1AB9AE4TY276305","SALINA CRUZ",0,"",129,"4126504",14/04/2026,"P4V","(SALINA CRUZ) (# CONCS. : 00526), CANAL ASIG. : ALLOCAT - INDEFINIDO","MR20398786K","","NSSC1","","NACIONAL","","",355285.26,0.00,355285.26
"BODEGA JUCHITAN","30399","SENTRA SENSE CVT 2.0 LTS","NISSAN","GRAFENO/NEGRO","2026","3N1AB9AE3TY282810","JUCHITAN",0,"",114,"4132523",29/04/2026,"P4V","(JUCHITAN) (# CONCS. : 00525), CANAL ASIG. : ALLOCAT - INDEFINIDO","MR20409254K","","NSSC1","","NACIONAL","","",355285.26,0.00,355285.26
"BODEGA ORIZABA","31569","SENTRA SENSE CVT 2.0 LTS","NISSAN","GRAFENO/NEGRO","2026","3N1AB9AE6TY318781","ORIZABA",0,"",17,"4181926",04/08/2026,"P4V","(ORIZABA), CANAL ASIG. : ALLOCAT - INDEFINIDO","MR20475303K","","NSSC1","","NACIONAL","","",339296.10,0.00,339296.10
"PEÑUELA","31580","SENTRA SENSE CVT 2.0 LTS","NISSAN","AZUL VIBRANTE/NEGRO","2026","3N1AB9AE1TY321457","CORDOBA",0,"",17,"4181924",04/08/2026,"P4V","(CORDOBA) (# CONCS. : 00416), CANAL ASIG. : ALLOCAT - INDEFINIDO","MR20486828K","","NSSC1","","NACIONAL","","",339296.10,0.00,339296.10
"PEÑUELA","31581","SENTRA SENSE CVT 2.0 LTS","NISSAN","GRAFENO/NEGRO","2026","3N1AB9AE3TY319659","CORDOBA",0,"",17,"4181925",04/08/2026,"P4V","(CORDOBA) (# CONCS. : 00416), CANAL ASIG. : ALLOCAT - INDEFINIDO","MR20479912K","","NSSC1","","NACIONAL","","",339296.10,0.00,339296.10
"BODEGA ORIZABA","29351","VERSA ADVANCE CVT 1.6 LTS 118 HP","NISSAN","GRIS /NEGRO","2026","3N1CN9AGXTL814990","ORIZABA",0,"",182,"4093344",20/02/2026,"PV3","NISSAN CONECT FINDER $ 7,300","HR16475807P","","NVAC2","","NACIONAL","","",340317.26,4047.44,344364.70
"BODEGA TUXTEPEC","29430","VERSA ADVANCE CVT 1.6 LTS 118 HP","NISSAN","PLATA/NEGRO","2026","3N1CN9AG4TL812216","TUXTEPEC",0,"",181,"4096288",21/02/2026,"PV3","(TUXTEPEC) (# CONCS. : 00524), CANAL ASIG. : AVR/MAR - DIRECTA NMX","HR16473602P","","NVAC2","","NACIONAL","","",340317.26,0.00,340317.26
"BODEGA JUCHITAN","29440","VERSA ADVANCE CVT 1.6 LTS 118 HP","NISSAN","GRIS /NEGRO","2026","3N1CN9AG8TL817872","JUCHITAN",0,"",181,"4096290",21/02/2026,"PV3","(JUCHITAN) (# CONCS. : 00525), CANAL ASIG. : ALLOCAT - INDEFINIDO","HR16479502P","","NVAC2","","NACIONAL","","",340317.26,0.00,340317.26
"BODEGA ORIZABA","29461","VERSA ADVANCE CVT 1.6 LTS 118 HP","NISSAN","GRIS /NEGRO","2026","3N1CN9AG2TL819102","ORIZABA",0,"",179,"4097540",23/02/2026,"PV3","DISPONIBLE","HR16482496P","","NVAC2","","NACIONAL","","",340317.26,0.00,340317.26
"BODEGA TUXTEPEC","29481","VERSA ADVANCE CVT 1.6 LTS 118 HP","NISSAN","PLATA/NEGRO","2026","3N1CN9AG3TL811624","TUXTEPEC",0,"",179,"4097825",23/02/2026,"PV3","DISPONIBLE | TAA  $ 7,300","HR16472175P","","NVAC2","","NACIONAL","","",340317.26,0.00,340317.26
"BODEGA JUCHITAN","29487","VERSA ADVANCE CVT 1.6 LTS 118 HP","NISSAN","ROJO BURDEOS/NEGRO","2026","3N1CN9AG7TL818348","JUCHITAN",0,"",179,"4097826",23/02/2026,"PV3","DISPONIBLE","HR16481131P","","NVAC2","","NACIONAL","","",340317.26,0.00,340317.26
"BODEGA SALINA CRUZ","29494","VERSA ADVANCE CVT 1.6 LTS 118 HP","NISSAN","GRIS /NEGRO","2026","3N1CN9AG7TL819192","SALINA CRUZ",0,"",179,"4097829",23/02/2026,"PV3","NISSAN CONECT FINDER $ 7,300","HR16481543P","","NVAC2","","NACIONAL","","",340317.26,0.00,340317.26
"BODEGA TUXTEPEC","29572","VERSA ADVANCE CVT 1.6 LTS 118 HP","NISSAN","ROJO BURDEOS/NEGRO","2026","3N1CN9AG5TL820387","TUXTEPEC",0,"",176,"4101735",26/02/2026,"PV3","PORTA PLACAS","HR16478996P","","NVAC2","","NACIONAL","","",340317.26,0.00,340317.26
"BODEGA TUXTEPEC","29722","VERSA ADVANCE CVT 1.6 LTS 118 HP","NISSAN","PLATA/NEGRO","2026","3N1CN9AG1TL820323","TUXTEPEC",0,"",169,"4105470",05/03/2026,"PV3","PORTA PLACAS","HR16482561P","","NVAC2","","NACIONAL","","",340317.26,0.00,340317.26
"BODEGA ORIZABA","29812","VERSA ADVANCE CVT 1.6 LTS 118 HP","NISSAN","GRIS /NEGRO","2026","3N1CN9AG9TL821641","ORIZABA",0,"",160,"4109755",14/03/2026,"PV3","(ORIZABA), CANAL ASIG. : ALLOCAT - INDEFINIDO","HR16482748P","","NVAC2","","NACIONAL","","",340317.26,0.00,340317.26
"BODEGA ORIZABA","29838","VERSA ADVANCE CVT 1.6 LTS 118 HP","NISSAN","GRIS /NEGRO","2026","3N1CN9AG2TL822310","ORIZABA",0,"",155,"4113677",19/03/2026,"PV3","TAPETES RIGIDOS $ 1,340","HR16485611P","","NVAC2","","NACIONAL","","",340317.26,750.08,341067.34
"BODEGA TUXTEPEC","29845","VERSA ADVANCE CVT 1.6 LTS 118 HP","NISSAN","GRIS /NEGRO","2026","3N1CN9AG2TL822159","TUXTEPEC",0,"",155,"4113907",19/03/2026,"PV3","TAPETE DE USO RUDO, PORTA PLACAS, GANCHO PARA BOLSA","HR16484350P","","NVAC2","","NACIONAL","","",340317.26,0.00,340317.26
"BODEGA ORIZABA","29863","VERSA ADVANCE CVT 1.6 LTS 118 HP","NISSAN","PLATA/NEGRO","2026","3N1CN9AG5TL824360","ORIZABA",0,"",152,"4114763",22/03/2026,"PV3","(ORIZABA), CANAL ASIG. : ALLOCAT - INDEFINIDO","HR16488169P","","NVAC2","","NACIONAL","","",340317.26,0.00,340317.26
"BODEGA ORIZABA","29864","VERSA ADVANCE CVT 1.6 LTS 118 HP","NISSAN","ROJO BURDEOS/NEGRO","2026","3N1CN9AG2TL822758","ORIZABA",0,"",152,"4114762",22/03/2026,"PV3","NISSAN CONECT FINDER $ 7,300","HR16486328P","","NVAC2","","NACIONAL","","",340317.26,4026.88,344344.14
"BODEGA ORIZABA","29896","VERSA ADVANCE CVT 1.6 LTS 118 HP","NISSAN","NEGRO/NEGRO CON AZUL","2026","3N1CN9AG4TL827671","ORIZABA",0,"",150,"4116237",24/03/2026,"PV3","(ORIZABA), CANAL ASIG. : ALLOCAT - INDEFINIDO","HR16491817P","","NVAC2","","NACIONAL","","",340317.26,0.00,340317.26
"PEÑUELA","29956","VERSA ADVANCE CVT 1.6 LTS 118 HP","NISSAN","ROJO BURDEOS/NEGRO","2026","3N1CN9AG9TL825074","CORDOBA",0,"",150,"4116238",24/03/2026,"PV3","DISPONIBLE","HR16488954P","","NVAC2","","NACIONAL","","",340317.26,0.00,340317.26
"PEÑUELA","29957","VERSA ADVANCE CVT 1.6 LTS 118 HP","NISSAN","PLATA/NEGRO","2026","3N1CN9AGXTL824984","CORDOBA",0,"",150,"4116239",24/03/2026,"PV3","DISPONIBLE","HR16489005P","","NVAC2","","NACIONAL","","",340317.26,0.00,340317.26
"PEÑUELA","29958","VERSA ADVANCE CVT 1.6 LTS 118 HP","NISSAN","GRIS /NEGRO","2026","3N1CN9AG1TL822265","CORDOBA",0,"",150,"4116235",24/03/2026,"PV3","ESTRIBOS ILUMINADOS+GANCHO P/ BOLSA+DEFLECTORES VIENTO","HR16483802P","","NVAC2","","NACIONAL","","",340317.26,0.00,340317.26
"BODEGA TUXTEPEC","30005","VERSA ADVANCE CVT 1.6 LTS 118 HP","NISSAN","ROJO BURDEOS/NEGRO","2026","3N1CN9AG6TL826358","TUXTEPEC",0,"",150,"4116460",24/03/2026,"PV3","PORTA PLACAS","HR16490360P","","NVAC2","","NACIONAL","","",340317.26,0.00,340317.26
"BODEGA TUXTEPEC","30006","VERSA ADVANCE CVT 1.6 LTS 118 HP","NISSAN","ROJO BURDEOS/NEGRO","2026","3N1CN9AG8TL823249","TUXTEPEC",0,"",150,"4116461",24/03/2026,"PV3","NISSAN CONECT FINDER $ 7,300","HR16486698P","","NVAC2","","NACIONAL","","",340317.26,0.00,340317.26
"BODEGA TUXTEPEC","30007","VERSA ADVANCE CVT 1.6 LTS 118 HP","NISSAN","PLATA/NEGRO","2026","3N1CN9AG6TL822908","TUXTEPEC",0,"",150,"4116459",24/03/2026,"PV3","TAPETES USO RUDO","HR16486727P","","NVAC2","","NACIONAL","","",340317.26,0.00,340317.26
"BODEGA JUCHITAN","30024","VERSA ADVANCE CVT 1.6 LTS 118 HP","NISSAN","ROJO BURDEOS/NEGRO","2026","3N1CN9AG3TL826348","JUCHITAN",0,"",150,"4116457",24/03/2026,"PV3","(JUCHITAN) (# CONCS. : 00525), CANAL ASIG. : ALLOCAT - INDEFINIDO","HR16490375P","","NVAC2","","NACIONAL","","",340317.26,0.00,340317.26
"BODEGA JUCHITAN","30025","VERSA ADVANCE CVT 1.6 LTS 118 HP","NISSAN","GRIS /NEGRO","2026","3N1CN9AG2TL826308","JUCHITAN",0,"",150,"4116456",24/03/2026,"PV3","DISPONIBLE","HR16490383P","","NVAC2","","NACIONAL","","",340317.26,0.00,340317.26
"BODEGA SALINA CRUZ","30043","VERSA ADVANCE CVT 1.6 LTS 118 HP","NISSAN","PLATA/NEGRO","2026","3N1CN9AG4TL822888","SALINA CRUZ",0,"",150,"4116458",24/03/2026,"PV3","PORTAPLACAS NISSAN $ 1,130 + TAPETES RIGIDOS $ 1,340 + GANCHO CAJUELA P/BOLSAS $ 740","HR16486658P","","NVAC2","","NACIONAL","","",340317.26,0.00,340317.26
"BODEGA SALINA CRUZ","30044","VERSA ADVANCE CVT 1.6 LTS 118 HP","NISSAN","ROJO BURDEOS/NEGRO","2026","3N1CN9AG2TL822694","SALINA CRUZ",0,"",150,"4116455",24/03/2026,"PV3","NISSAN CONECT FINDER $ 7,300","HR16486231P","","NVAC2","","NACIONAL","","",340317.26,0.00,340317.26
"PEÑUELA","30061","VERSA ADVANCE CVT 1.6 LTS 118 HP","NISSAN","ROJO BURDEOS/NEGRO","2026","3N1CN9AG8TL827835","CORDOBA",0,"",149,"4117794",25/03/2026,"PV3","(CORDOBA) (# CONCS. : 00416), CANAL ASIG. : ALLOCAT - INDEFINIDO","HR16491109P","","NVAC2","","NACIONAL","","",340317.26,0.00,340317.26
"BODEGA ORIZABA","30120","VERSA ADVANCE CVT 1.6 LTS 118 HP","NISSAN","GRIS /NEGRO","2026","3N1CN9AG7TL828409","ORIZABA",0,"",147,"4120130",27/03/2026,"PV3","TAPETES RIGIDOS $ 1,340","HR16493225P","","NVAC2","","NACIONAL","","",340317.26,750.08,341067.34
"BODEGA JUCHITAN","30338","VERSA ADVANCE CVT 1.6 LTS 118 HP","NISSAN","BLANCO PERLADO/NEGRO","2026","3N1CN9AG8TL832128","JUCHITAN",0,"",121,"4128828",22/04/2026,"PV3","DISPONIBLE","HR16498848P","","NVAC2","","NACIONAL","","",340439.26,0.00,340439.26
"BODEGA ORIZABA","30351","VERSA ADVANCE CVT 1.6 LTS 118 HP","NISSAN","PLATA/NEGRO","2026","3N1CN9AG5TL832720","ORIZABA",0,"",116,"4130396",27/04/2026,"PV3","NISSAN CONECT FINDER $ 7,300","HR16499701P","","NVAC2","","NACIONAL","","",340439.26,4026.87,344466.13
"BODEGA TIERRABLANCA","30443","VERSA ADVANCE CVT 1.6 LTS 118 HP","NISSAN","GRIS /NEGRO","2026","3N1CN9AGXTL834060","TIERRA BLANCA",0,"",113,"4134023",30/04/2026,"PV3","DISPONIBLE","HR16501307P","","NVAC2","","NACIONAL","","",340439.26,0.00,340439.26
"BODEGA TUXTEPEC","30471","VERSA ADVANCE CVT 1.6 LTS 118 HP","NISSAN","GRIS /NEGRO","2026","3N1CN9AG2TL829130","TUXTEPEC",0,"",113,"4134455",30/04/2026,"PV3","TAPETES USO RUDO","HR16491773P","","NVAC2","","NACIONAL","","",340439.26,0.00,340439.26
"BODEGA TIERRABLANCA","30475","VERSA ADVANCE CVT 1.6 LTS 118 HP","NISSAN","ROJO BURDEOS/NEGRO","2026","3N1CN9AG1TL834853","TIERRA BLANCA",0,"",108,"4135360",05/05/2026,"PV3","(TIERRA BLANCA) (# CONCS. : 00410), CANAL ASIG. : ALLOCAT - INDEFINIDO","HR16501954P","","NVAC2","","NACIONAL","","",340439.26,0.00,340439.26
"BODEGA ORIZABA","30511","VERSA ADVANCE CVT 1.6 LTS 118 HP","NISSAN","PLATA/NEGRO","2026","3N1CN9AG7TL834307","ORIZABA",0,"",113,"4134636",30/04/2026,"PV3","(ORIZABA), CANAL ASIG. : AVR/MAR - DIRECTA NMX","HR16501701P","","NVAC2","","NACIONAL","","",340439.26,0.00,340439.26
"BODEGA JUCHITAN","30530","VERSA ADVANCE CVT 1.6 LTS 118 HP","NISSAN","ROJO BURDEOS/NEGRO","2026","3N1CN9AG6TL836128","JUCHITAN",0,"",100,"4137712",13/05/2026,"PV3","DISPONIBLE | EXHIBIDA EN MATIAS ROMERO","HR16504718P","","NVAC2","","NACIONAL","","",340439.26,0.00,340439.26
"BODEGA ORIZABA","30540","VERSA ADVANCE CVT 1.6 LTS 118 HP","NISSAN","GRIS /NEGRO","2026","3N1CN9AGXTL836536","ORIZABA",0,"",98,"4138886",15/05/2026,"PV3","UNIDAD ROTULADA EN EXHIBICION","HR16506080P","","NVAC2","","NACIONAL","","",340439.26,140.84,340580.10
"PEÑUELA","30551","VERSA ADVANCE CVT 1.6 LTS 118 HP","NISSAN","PLATA/NEGRO","2026","3N1CN9AG3TL836989","CORDOBA",0,"",98,"4138885",15/05/2026,"PV3","(CORDOBA) (# CONCS. : 00416), CANAL ASIG. : ALLOCAT - INDEFINIDO","HR16507063P","","NVAC2","","NACIONAL","","",340439.26,0.00,340439.26
"BODEGA ORIZABA","30575","VERSA ADVANCE CVT 1.6 LTS 118 HP","NISSAN","NEGRO/NEGRO CON AZUL","2026","3N1CN9AG6TL837666","ORIZABA",0,"",95,"4139828",18/05/2026,"PV3","DISPONIBLE","HR16506400P","","NVAC2","","NACIONAL","","",340439.26,0.00,340439.26
"BODEGA ORIZABA","30606","VERSA ADVANCE CVT 1.6 LTS 118 HP","NISSAN","ROJO BURDEOS/NEGRO","2026","3N1CN9AG6TL838283","ORIZABA",0,"",94,"4140766",19/05/2026,"PV3","(ORIZABA), CANAL ASIG. : ALLOCAT - INDEFINIDO","HR16508156P","","NVAC2","","NACIONAL","","",340439.26,0.00,340439.26
"PEÑUELA","30690","VERSA ADVANCE CVT 1.6 LTS 118 HP","NISSAN","ROJO BURDEOS/NEGRO","2026","3N1CN9AG4TL838251","CORDOBA",0,"",87,"4143429",26/05/2026,"PV3","(CORDOBA) (# CONCS. : 00416), CANAL ASIG. : ALLOCAT - INDEFINIDO","HR16508157P","","NVAC2","","NACIONAL","","",340439.26,0.00,340439.26
"PEÑUELA","30879","VERSA ADVANCE CVT 1.6 LTS 118 HP","NISSAN","PLATA/NEGRO","2026","3N1CN9AG7TL839202","CORDOBA",0,"",82,"4149411",31/05/2026,"PV3","(CORDOBA) (# CONCS. : 00416), CANAL ASIG. : ALLOCAT - INDEFINIDO","HR16508999P","","NVAC2","","NACIONAL","","",340439.26,0.00,340439.26
"BODEGA TIERRABLANCA","30966","VERSA ADVANCE CVT 1.6 LTS 118 HP","NISSAN","PLATA/NEGRO","2026","3N1CN9AG0TL839316","TIERRA BLANCA",0,"",73,"4152095",09/06/2026,"PV3","(TIERRA BLANCA) (# CONCS. : 00410), CANAL ASIG. : ALLOCAT - INDEFINIDO","HR16507545P","","NVAC2","","NACIONAL","","",340439.26,0.00,340439.26
"BODEGA TIERRABLANCA","30967","VERSA ADVANCE CVT 1.6 LTS 118 HP","NISSAN","GRIS /NEGRO","2026","3N1CN9AG2TL842153","TIERRA BLANCA",0,"",73,"4152096",09/06/2026,"PV3","(TIERRA BLANCA) (# CONCS. : 00410), CANAL ASIG. : ALLOCAT - INDEFINIDO","HR16512112P","","NVAC2","","NACIONAL","","",340439.26,0.00,340439.26
"BODEGA SALINA CRUZ","30980","VERSA ADVANCE CVT 1.6 LTS 118 HP","NISSAN","ROJO BURDEOS/NEGRO","2026","3N1CN9AG8TL841671","SALINA CRUZ",0,"",73,"4152275",09/06/2026,"PV3","(SALINA CRUZ) (# CONCS. : 00526), CANAL ASIG. : ALLOCAT - INDEFINIDO","HR16511871P","","NVAC2","","NACIONAL","","",340439.26,0.00,340439.26
"PEÑUELA","30988","VERSA ADVANCE CVT 1.6 LTS 118 HP","NISSAN","BLANCO PERLADO/NEGRO","2026","3N1CN9AG7TL842424","CORDOBA",0,"",72,"4152861",10/06/2026,"PV3","(CORDOBA) (# CONCS. : 00416), CANAL ASIG. : ALLOCAT - INDEFINIDO","HR16513855P","","NVAC2","","NACIONAL","","",340439.26,0.00,340439.26
"BODEGA TIERRABLANCA","31012","VERSA ADVANCE CVT 1.6 LTS 118 HP","NISSAN","ROJO BURDEOS/NEGRO","2026","3N1CN9AG2TL843707","TIERRA BLANCA",0,"",70,"4153766",12/06/2026,"PV3","(TIERRA BLANCA) (# CONCS. : 00410), CANAL ASIG. : ALLOCAT - INDEFINIDO","HR16515317P","","NVAC2","","NACIONAL","","",340439.26,0.00,340439.26
"BODEGA TUXTEPEC","31047","VERSA ADVANCE CVT 1.6 LTS 118 HP","NISSAN","BLANCO PERLADO/NEGRO","2026","3N1CN9AG3TL844641","TUXTEPEC",0,"",67,"4155236",15/06/2026,"PV3","TAPETE DE USO RUDO, TAPETE DE CAJUELA, PORTA PLACAS, GANCHO PARA BOLSA","HR16517860P","","NVAC2","","NACIONAL","","",340439.26,0.00,340439.26
"BODEGA SALINA CRUZ","31054","VERSA ADVANCE CVT 1.6 LTS 118 HP","NISSAN","PLATA/NEGRO","2026","3N1CN9AG0TL845097","SALINA CRUZ",0,"",67,"4155235",15/06/2026,"PV3","(SALINA CRUZ) (# CONCS. : 00526), CANAL ASIG. : ALLOCAT - INDEFINIDO","HR16515989P","","NVAC2","","NACIONAL","","",340439.26,0.00,340439.26
"BODEGA SALINA CRUZ","31158","VERSA ADVANCE CVT 1.6 LTS 118 HP","NISSAN","GRIS /NEGRO","2026","3N1CN9AG7TL847560","SALINA CRUZ",0,"",59,"4159629",23/06/2026,"PV3","(SALINA CRUZ) (# CONCS. : 00526), CANAL ASIG. : ALLOCAT - INDEFINIDO","HR16519520P","","NVAC2","","NACIONAL","","",340439.26,0.00,340439.26
"BODEGA SALINA CRUZ","31215","VERSA ADVANCE CVT 1.6 LTS 118 HP","NISSAN","GRIS /NEGRO","2026","3N1CN9AG8TL849186","SALINA CRUZ",0,"",56,"4162408",26/06/2026,"PV3","(SALINA CRUZ) (# CONCS. : 00526), CANAL ASIG. : ALLOCAT - INDEFINIDO","HR16521640P","","NVAC2","","NACIONAL","","",340439.26,0.00,340439.26
"BODEGA TUXTEPEC","31236","VERSA ADVANCE CVT 1.6 LTS 118 HP","NISSAN","AZUL COBALTO/NEGRO","2026","3N1CN9AG5TL849596","TUXTEPEC",0,"",54,"4163137",28/06/2026,"PV3","TAPETE DE USO RUDO, TAPETE DE CAJUELA, PORTA PLACAS, GANCHO PARA BOL","HR16522705P","","NVAC2","","NACIONAL","","",340439.26,0.00,340439.26
"PEÑUELA","31252","VERSA ADVANCE CVT 1.6 LTS 118 HP","NISSAN","GRIS /NEGRO","2026","3N1CN9AG3TL848396","CORDOBA",0,"",53,"4165173",29/06/2026,"PV3","TAPETE CAJUELA RIGIDO, TAPETES USO RUDO, NITRO ACC TAPON, PORTAPLACAS CROMADO","HR16521829P","","NVAC2","","NACIONAL","","",340439.26,0.00,340439.26
"PEÑUELA","31296","VERSA ADVANCE CVT 1.6 LTS 118 HP","NISSAN","AZUL COBALTO/NEGRO","2026","3N1CN9AG5TL849307","CORDOBA",0,"",52,"4167583",30/06/2026,"PV3","TAPETE CAJUELA RIGIDO, TAPETES USO RUDO, NITRO ACC TAPON, PORTAPLACAS CROMADO","HR16523135P","","NVAC2","","NACIONAL","","",340439.26,0.00,340439.26
"BODEGA TUXTEPEC","31463","VERSA ADVANCE CVT 1.6 LTS 118 HP","NISSAN","GRIS /NEGRO","2026","3N1CN9AG2TL843206","TUXTEPEC",0,"",24,"4177173",28/07/2026,"PV3","(TUXTEPEC) (# CONCS. : 00524), CANAL ASIG. : ALLOCAT - INDEFINIDO","HR16512176P","","NVAC2","","NACIONAL","","",340439.26,0.00,340439.26
"BODEGA SALINA CRUZ","29339","VERSA EXCLUSIVE CVT 1.6 LTS 118 HP","NISSAN","AZUL ACERO/NEGRO","2026","3N1CN9AG0TL813265","SALINA CRUZ",0,"",183,"4091118",19/02/2026,"PDE","DEMO | SALINA CRUZ","HR16474184P","","NVEC1","","NACIONAL","","",363746.48,0.00,363746.48
"BODEGA TIERRABLANCA","29360","VERSA EXCLUSIVE CVT 1.6 LTS 118 HP","NISSAN","AZUL ACERO/NEGRO","2026","3N1CN9AGXTL812253","TIERRA BLANCA",0,"",182,"4093348",20/02/2026,"PDE","DEMO | TB | DEFLECTOR VIENTO,TAPETE USO RUDO,PORTAPLACAS,ESTRIBOS INT, PROT CAJUELA","HR16473447P","","NVEC1","","NACIONAL","","",363763.26,0.00,363763.26
"PEÑUELA","29381","VERSA EXCLUSIVE CVT 1.6 LTS 118 HP","NISSAN","AZUL ACERO/NEGRO","2026","3N1CN9AG3TL815494","CORDOBA",0,"ANA FRANK SORIANO OR",182,"4093346",20/02/2026,"PV3","21/08/26 526 ADRIAN ALBINO RIVERA MARTINEZ","HR16476749P","","NVEC1","","NACIONAL","","",363763.26,0.00,363763.26
"BODEGA ORIZABA","29413","VERSA EXCLUSIVE CVT 1.6 LTS 118 HP","NISSAN","AZUL ACERO/NEGRO","2026","3N1CN9AGXTL812690","ORIZABA",0,"",181,"4095888",21/02/2026,"PDE","DEMO | ORIZABA | TAPETE USO RUDO, ESTRIBOS INT, PORTAPLACAS, PROTECT CAJUELA, DEFLECTOR","HR16473897P","","NVEC1","","NACIONAL","","",363763.26,9346.44,373109.70
"PEÑUELA","29425","VERSA EXCLUSIVE CVT 1.6 LTS 118 HP","NISSAN","PLATA/NEGRO","2026","3N1CN9AG2TL815695","CORDOBA",0,"",181,"4095886",21/02/2026,"PV3","DISPONIBLE","HR16476097P","","NVEC1","","NACIONAL","","",363763.26,0.00,363763.26
"BODEGA TUXTEPEC","29437","VERSA EXCLUSIVE CVT 1.6 LTS 118 HP","NISSAN","AZUL ACERO/NEGRO","2026","3N1CN9AG1TL812349","TUXTEPEC",0,"",181,"4096294",21/02/2026,"PDE","DEMO | TUXTEPEC | ANTIFAZ TRANSPARENTE, TAPETES USO RUDO","HR16473945P","","NVEC1","","NACIONAL","","",363763.26,0.00,363763.26
"BODEGA TUXTEPEC","29438","VERSA EXCLUSIVE CVT 1.6 LTS 118 HP","NISSAN","AZUL ACERO/NEGRO","2026","3N1CN9AG3TL817455","TUXTEPEC",0,"",181,"4096295",21/02/2026,"PV3","TAPETES USO RUDO","HR16479957P","","NVEC1","","NACIONAL","","",363763.26,0.00,363763.26
"BODEGA JUCHITAN","29445","VERSA EXCLUSIVE CVT 1.6 LTS 118 HP","NISSAN","AZUL ACERO/NEGRO","2026","3N1CN9AG1TL812206","JUCHITAN",0,"",181,"4096293",21/02/2026,"PDE","DEMO | JUCHITAN","HR16473553P","","NVEC1","","NACIONAL","","",363763.26,0.00,363763.26
"BODEGA CORDOBA","29537","VERSA EXCLUSIVE CVT 1.6 LTS 118 HP","NISSAN","AZUL ACERO/NEGRO","2026","3N1CN9AG3TL812840","CORDOBA",0,"",177,"4100371",25/02/2026,"PDE","DEMO | PROTECTOR CAJUELA,TAPETES USO RUDO,ESTRIBOS INT ILUM,DEFLECTORES VIENTO","HR16472367P","","NVEC1","","NACIONAL","","",363763.26,0.00,363763.26
"PEÑUELA","29538","VERSA EXCLUSIVE CVT 1.6 LTS 118 HP","NISSAN","PLATA/NEGRO","2026","3N1CN9AG8TL819363","CORDOBA",0,"",177,"4100375",25/02/2026,"PV3","SERV ADD RT 2 AÑOS, NITRO ACCESORIO TAPON","HR16481421P","","NVEC1","","NACIONAL","","",363763.26,0.00,363763.26
"PEÑUELA","29746","VERSA EXCLUSIVE CVT 1.6 LTS 118 HP","NISSAN","BLANCO PERLADO/NEGRO","2026","3N1CN9AG0TL821060","CORDOBA",0,"",165,"4106134",09/03/2026,"PV3","(CORDOBA) (# CONCS. : 00416), CANAL ASIG. : ALLOCAT - INDEFINIDO","HR16483536P","","NVEC1","","NACIONAL","","",363763.26,0.00,363763.26
"BODEGA TUXTEPEC","29754","VERSA EXCLUSIVE CVT 1.6 LTS 118 HP","NISSAN","BLANCO PERLADO/NEGRO","2026","3N1CN9AG0TL821138","TUXTEPEC",0,"",165,"4106244",09/03/2026,"PV3","TAPETE DE USO RUDO","HR16483501P","","NVEC1","","NACIONAL","","",363763.26,0.00,363763.26
"BODEGA ORIZABA","30542","VERSA EXCLUSIVE CVT 1.6 LTS 118 HP","NISSAN","GRIS /NEGRO","2026","3N1CN9AG4TL836404","ORIZABA",0,"",98,"4138887",15/05/2026,"PV3","(ORIZABA), CANAL ASIG. : ALLOCAT - INDEFINIDO","HR16505595P","","NVEC1","","NACIONAL","","",363885.26,0.00,363885.26
"BODEGA TUXTEPEC","30557","VERSA EXCLUSIVE CVT 1.6 LTS 118 HP","NISSAN","ROJO BURDEOS/NEGRO","2026","3N1CN9AGXTL836178","TUXTEPEC",0,"",98,"4139125",15/05/2026,"PV3","DISPONIBLE","HR16503778P","","NVEC1","","NACIONAL","","",363885.26,0.00,363885.26
"BODEGA ORIZABA","30797","VERSA EXCLUSIVE CVT 1.6 LTS 118 HP","NISSAN","ROJO BURDEOS/GRIS","2026","3N1CN9AGXTL838397","ORIZABA",0,"",84,"4147232",29/05/2026,"PV3","(ORIZABA), CANAL ASIG. : ALLOCAT - INDEFINIDO","HR16507960P","","NVEC1","","NACIONAL","","",363885.26,0.00,363885.26
"PEÑUELA","30809","VERSA EXCLUSIVE CVT 1.6 LTS 118 HP","NISSAN","ROJO BURDEOS/NEGRO","2026","3N1CN9AG2TL840371","CORDOBA",0,"",84,"4147231",29/05/2026,"PV3","(CORDOBA) (# CONCS. : 00416), CANAL ASIG. : ALLOCAT - INDEFINIDO","HR16510717P","","NVEC1","","NACIONAL","","",363885.26,0.00,363885.26
"PEÑUELA","31457","VERSA EXCLUSIVE CVT 1.6 LTS 118 HP","NISSAN","BLANCO PERLADO/GRIS","2026","3N1CN9AG9TL852677","CORDOBA",0,"",24,"4176930",28/07/2026,"PV3","(CORDOBA) (# CONCS. : 00416), CANAL ASIG. : ALLOCAT - INDEFINIDO","HR16527743P","","NVEC1","","NACIONAL","","",363885.26,0.00,363885.26
"BODEGA ORIZABA","29354","VERSA SENSE CVT 1.6 LTS 118 HP","NISSAN","PLATA/NEGRO","2026","3N1CN9AG4TL815164","ORIZABA",0,"",182,"4093339",20/02/2026,"PV3","NISSAN CONECT FINDER $ 7,300","HR16476510P","","NVSC2","","NACIONAL","","",318216.26,4164.72,322380.98
"BODEGA ORIZABA","29463","VERSA SENSE CVT 1.6 LTS 118 HP","NISSAN","BLANCO PERLADO/NEGRO","2026","3N1CN9AG8TL818147","ORIZABA",0,"",179,"4097538",23/02/2026,"PV3","TAPETES RIGIDOS $ 1,340","HR16480264P","","NVSC2","","NACIONAL","","",318216.26,750.08,318966.34
"BODEGA JUCHITAN","29488","VERSA SENSE CVT 1.6 LTS 118 HP","NISSAN","BLANCO PERLADO/NEGRO","2026","3N1CN9AG1TL818569","JUCHITAN",0,"",179,"4097823",23/02/2026,"PV3","DISPONIBLE","HR16481429P","","NVSC2","","NACIONAL","","",318216.26,0.00,318216.26
"BODEGA SALINA CRUZ","29518","VERSA SENSE CVT 1.6 LTS 118 HP","NISSAN","PLATA/NEGRO","2026","3N1CN9AG4TL818839","SALINA CRUZ",0,"",178,"4099209",24/02/2026,"PV3","NISSAN CONECT FINDER $ 7,300","HR16481488P","","NVSC2","","NACIONAL","","",318216.26,0.00,318216.26
"PEÑUELA","29676","VERSA SENSE CVT 1.6 LTS 118 HP","NISSAN","BLANCO PERLADO/NEGRO","2026","3N1CN9AG1TL819043","CORDOBA",0,"",174,"4104535",28/02/2026,"PV3","DISPONIBLE","HR16482152P","","NVSC2","","NACIONAL","","",318216.26,0.00,318216.26
"BODEGA TUXTEPEC","29683","VERSA SENSE CVT 1.6 LTS 118 HP","NISSAN","BLANCO PERLADO/NEGRO","2026","3N1CN9AG3TL815849","TUXTEPEC",0,"",174,"4104604",28/02/2026,"PV3","DISPONIBLE | TAA  $ 7,300","HR16475740P","","NVSC2","","NACIONAL","","",318216.26,0.00,318216.26
"BODEGA TUXTEPEC","29684","VERSA SENSE CVT 1.6 LTS 118 HP","NISSAN","BLANCO PERLADO/NEGRO","2026","3N1CN9AG6TL819698","TUXTEPEC",0,"",174,"4104606",28/02/2026,"PV3","TAPETES USO RUDO","HR16482401P","","NVSC2","","NACIONAL","","",318216.26,0.00,318216.26
"BODEGA SALINA CRUZ","29693","VERSA SENSE CVT 1.6 LTS 118 HP","NISSAN","BLANCO PERLADO/NEGRO","2026","3N1CN9AG6TL819426","SALINA CRUZ",0,"",174,"4104605",28/02/2026,"PV3","DISPONIBLE","HR16482491P","","NVSC2","","NACIONAL","","",318216.26,0.00,318216.26
"BODEGA TUXTEPEC","29847","VERSA SENSE CVT 1.6 LTS 118 HP","NISSAN","ROJO BURDEOS/NEGRO","2026","3N1CN9AG6TL825226","TUXTEPEC",0,"",155,"4113905",19/03/2026,"PV3","TAPETES USO RUDO","HR16487064P","","NVSC2","","NACIONAL","","",318216.26,0.00,318216.26
"BODEGA ORIZABA","29865","VERSA SENSE CVT 1.6 LTS 118 HP","NISSAN","ROJO BURDEOS/NEGRO","2026","3N1CN9AG0TL821544","ORIZABA",0,"",152,"4114761",22/03/2026,"PV3","TAPETES RIGIDOS $ 1,340","HR16482838P","","NVSC2","","NACIONAL","","",318216.26,750.08,318966.34
"BODEGA TUXTEPEC","29888","VERSA SENSE CVT 1.6 LTS 118 HP","NISSAN","ROJO BURDEOS/NEGRO","2026","3N1CN9AG7TL825848","TUXTEPEC",0,"",151,"4115544",23/03/2026,"PV3","NISSAN CONECT FINDER $ 7,300","HR16489096P","","NVSC2","","NACIONAL","","",318216.26,0.00,318216.26
"BODEGA ORIZABA","29889","VERSA SENSE CVT 1.6 LTS 118 HP","NISSAN","PLATA/NEGRO","2026","3N1CN9AG9TL824491","ORIZABA",0,"",151,"4115545",23/03/2026,"PV3","(TUXTEPEC) (# CONCS. : 00524), CANAL ASIG. : ALLOCAT - INDEFINIDO","HR16488241P","","NVSC2","","NACIONAL","","",318216.26,0.00,318216.26
"PEÑUELA","29964","VERSA SENSE CVT 1.6 LTS 118 HP","NISSAN","ROJO BURDEOS/NEGRO","2026","3N1CN9AG2TL822078","CORDOBA",0,"",150,"4116225",24/03/2026,"PV3","DISPONIBLE","HR16484307P","","NVSC2","","NACIONAL","","",318216.26,0.00,318216.26
"PEÑUELA","29965","VERSA SENSE CVT 1.6 LTS 118 HP","NISSAN","AZUL ACERO/NEGRO","2026","3N1CN9AG3TL823899","CORDOBA",0,"",150,"4116226",24/03/2026,"PV3","DISPONIBLE","HR16487405P","","NVSC2","","NACIONAL","","",318216.26,0.00,318216.26
"PEÑUELA","29966","VERSA SENSE CVT 1.6 LTS 118 HP","NISSAN","PLATA/NEGRO","2026","3N1CN9AG7TL823498","CORDOBA",0,"",150,"4116229",24/03/2026,"PV3","DISPONIBLE","HR16485927P","","NVSC2","","NACIONAL","","",318216.26,0.00,318216.26
"BODEGA JUCHITAN","30028","VERSA SENSE CVT 1.6 LTS 118 HP","NISSAN","PLATA/NEGRO","2026","3N1CN9AG8TL823588","JUCHITAN",0,"",150,"4116449",24/03/2026,"PV3","DISPONIBLE","HR16484906P","","NVSC2","","NACIONAL","","",318216.26,0.00,318216.26
"BODEGA JUCHITAN","30031","VERSA SENSE CVT 1.6 LTS 118 HP","NISSAN","ROJO BURDEOS/NEGRO","2026","3N1CN9AG2TL823554","JUCHITAN",0,"",150,"4116446",24/03/2026,"PV3","DISPONIBLE","HR16486627P","","NVSC2","","NACIONAL","","",318216.26,0.00,318216.26
"BODEGA SALINA CRUZ","30048","VERSA SENSE CVT 1.6 LTS 118 HP","NISSAN","ROJO BURDEOS/NEGRO","2026","3N1CN9AG3TL821604","SALINA CRUZ",0,"",150,"4116447",24/03/2026,"PV3","DISPONIBLE","HR16482715P","","NVSC2","","NACIONAL","","",318216.26,0.00,318216.26
"BODEGA ORIZABA","30094","VERSA SENSE CVT 1.6 LTS 118 HP","NISSAN","ROJO BURDEOS/NEGRO","2026","3N1CN9AG2TL828155","ORIZABA",0,"",148,"4118422",26/03/2026,"PV3","(ORIZABA), CANAL ASIG. : ALLOCAT - INDEFINIDO","HR16491085P","","NVSC2","","NACIONAL","","",318216.26,0.00,318216.26
"BODEGA ORIZABA","30260","VERSA SENSE CVT 1.6 LTS 118 HP","NISSAN","BLANCO PERLADO/NEGRO","2026","3N1CN9AG2TL828558","ORIZABA",0,"",143,"4124435",31/03/2026,"PV3","TAPETES RIGIDOS $ 1,340","HR16489705P","","NVSC2","","NACIONAL","","",318216.26,750.09,318966.35
"BODEGA TUXTEPEC","30327","VERSA SENSE CVT 1.6 LTS 118 HP","NISSAN","BLANCO PERLADO/NEGRO","2026","3N1CN9AG7TL831181","TUXTEPEC",0,"",123,"4128336",20/04/2026,"PV3","NISSAN CONECT FINDER $ 7,300","HR16498046P","","NVSC2","","NACIONAL","","",318338.26,0.00,318338.26
"BODEGA TUXTEPEC","30396","VERSA SENSE CVT 1.6 LTS 118 HP","NISSAN","ROJO BURDEOS/NEGRO","2026","3N1CN9AG2TL834117","TUXTEPEC",0,"",114,"4132529",29/04/2026,"PV3","TAPETES USO RUDO","HR16501325P","","NVSC2","","NACIONAL","","",318338.26,0.00,318338.26
"BODEGA JUCHITAN","30400","VERSA SENSE CVT 1.6 LTS 118 HP","NISSAN","ROJO BURDEOS/NEGRO","2026","3N1CN9AG4TL834233","JUCHITAN",0,"",114,"4132530",29/04/2026,"PV3","(JUCHITAN) (# CONCS. : 00525), CANAL ASIG. : ALLOCAT - INDEFINIDO","HR16500349P","","NVSC2","","NACIONAL","","",318338.26,0.00,318338.26
"BODEGA ORIZABA","30513","VERSA SENSE CVT 1.6 LTS 118 HP","NISSAN","AZUL COBALTO/NEGRO","2026","3N1CN9AG0TL831393","ORIZABA",0,"",113,"4134634",30/04/2026,"PV3","TAPETES RIGIDOS $ 1,340","HR16497653P","","NVSC2","","NACIONAL","","",318338.26,750.08,319088.34
"BODEGA ORIZABA","30525","VERSA SENSE CVT 1.6 LTS 118 HP","NISSAN","BLANCO PERLADO/NEGRO","2026","3N1CN9AG2TL836207","ORIZABA",0,"",100,"4137589",13/05/2026,"PV3","(ORIZABA), CANAL ASIG. : ALLOCAT - INDEFINIDO","HR16503802P","","NVSC2","","NACIONAL","","",318338.26,132.84,318471.10
"BODEGA ORIZABA","30570","VERSA SENSE CVT 1.6 LTS 118 HP","NISSAN","AZUL ACERO/NEGRO","2026","3N1CN9AG0TL835427","ORIZABA",0,"",97,"4139421",16/05/2026,"PV3","(ORIZABA), CANAL ASIG. : ALLOCAT - INDEFINIDO","HR16503979P","","NVSC2","","NACIONAL","","",318338.26,0.00,318338.26
"BODEGA ORIZABA","30577","VERSA SENSE CVT 1.6 LTS 118 HP","NISSAN","PLATA/NEGRO","2026","3N1CN9AG4TL837634","ORIZABA",0,"",95,"4139827",18/05/2026,"PV3","(ORIZABA), CANAL ASIG. : ALLOCAT - INDEFINIDO","HR16505340P","","NVSC2","","NACIONAL","","",318338.26,0.00,318338.26
"PEÑUELA","30584","VERSA SENSE CVT 1.6 LTS 118 HP","NISSAN","PLATA/NEGRO","2026","3N1CN9AG3TL837348","CORDOBA",0,"",95,"4140281",18/05/2026,"PV3","(CORDOBA) (# CONCS. : 00416), CANAL ASIG. : ALLOCAT - INDEFINIDO","HR16507572P","","NVSC2","","NACIONAL","","",318338.26,0.00,318338.26
"PEÑUELA","30585","VERSA SENSE CVT 1.6 LTS 118 HP","NISSAN","GRIS /NEGRO","2026","3N1CN9AG5TL835746","CORDOBA",0,"",95,"4140282",18/05/2026,"PV3","(CORDOBA) (# CONCS. : 00416), CANAL ASIG. : ALLOCAT - INDEFINIDO","HR16503239P","","NVSC2","","NACIONAL","","",318338.26,0.00,318338.26
"PEÑUELA","30586","VERSA SENSE CVT 1.6 LTS 118 HP","NISSAN","ROJO BURDEOS/NEGRO","2026","3N1CN9AG9TL835815","CORDOBA",0,"",95,"4140283",18/05/2026,"PV3","(CORDOBA) (# CONCS. : 00416), CANAL ASIG. : ALLOCAT - INDEFINIDO","HR16503235P","","NVSC2","","NACIONAL","","",318338.26,0.00,318338.26
"BODEGA TUXTEPEC","30589","VERSA SENSE CVT 1.6 LTS 118 HP","NISSAN","PLATA/NEGRO","2026","3N1CN9AG2TL837986","TUXTEPEC",0,"",95,"4139966",18/05/2026,"PV3","(TUXTEPEC) (# CONCS. : 00524), CANAL ASIG. : ALLOCAT - INDEFINIDO","HR16505286P","","NVSC2","","NACIONAL","","",318338.26,0.00,318338.26
"BODEGA TUXTEPEC","30590","VERSA SENSE CVT 1.6 LTS 118 HP","NISSAN","BLANCO PERLADO/NEGRO","2026","3N1CN9AG4TL835320","TUXTEPEC",0,"",95,"4140395",18/05/2026,"PV3","(TUXTEPEC) (# CONCS. : 00524), CANAL ASIG. : ALLOCAT - INDEFINIDO","HR16503423P","","NVSC2","","NACIONAL","","",318338.26,0.00,318338.26
"BODEGA TUXTEPEC","30591","VERSA SENSE CVT 1.6 LTS 118 HP","NISSAN","AZUL ACERO/NEGRO","2026","3N1CN9AGXTL835113","TUXTEPEC",0,"",95,"4140396",18/05/2026,"PV3","DISPONIBLE","HR16501303P","","NVSC2","","NACIONAL","","",318338.26,0.00,318338.26
"PEÑUELA","30755","VERSA SENSE CVT 1.6 LTS 118 HP","NISSAN","ROJO BURDEOS/NEGRO","2026","3N1CN9AG4TL840419","CORDOBA",0,"",85,"4145015",28/05/2026,"PV3","(CORDOBA) (# CONCS. : 00416), CANAL ASIG. : ALLOCAT - INDEFINIDO","HR16511329P","","NVSC2","","NACIONAL","","",318338.26,0.00,318338.26
"BODEGA ORIZABA","31008","VERSA SENSE CVT 1.6 LTS 118 HP","NISSAN","AZUL ACERO/NEGRO","2026","3N1CN9AG0TL844113","ORIZABA",0,"",70,"4153765",12/06/2026,"PV3","(ORIZABA), CANAL ASIG. : ALLOCAT - INDEFINIDO","HR16516596P","","NVSC2","","NACIONAL","","",318338.26,0.00,318338.26
"BODEGA SALINA CRUZ","31018","VERSA SENSE CVT 1.6 LTS 118 HP","NISSAN","PLATA/NEGRO","2026","3N1CN9AG7TL843413","SALINA CRUZ",0,"",70,"4154005",12/06/2026,"PV3","(SALINA CRUZ) (# CONCS. : 00526), CANAL ASIG. : ALLOCAT - INDEFINIDO","HR16515552P","","NVSC2","","NACIONAL","","",318338.26,0.00,318338.26
"BODEGA SALINA CRUZ","31027","VERSA SENSE CVT 1.6 LTS 118 HP","NISSAN","ROJO BURDEOS/NEGRO","2026","3N1CN9AG2TL842654","SALINA CRUZ",0,"",69,"4154400",13/06/2026,"PV3","(SALINA CRUZ) (# CONCS. : 00526), CANAL ASIG. : ALLOCAT - INDEFINIDO","HR16514446P","","NVSC2","","NACIONAL","","",318338.26,0.00,318338.26
"BODEGA ORIZABA","31043","VERSA SENSE CVT 1.6 LTS 118 HP","NISSAN","ROJO BURDEOS/NEGRO","2026","3N1CN9AG0TL845004","ORIZABA",0,"",67,"4155064",15/06/2026,"PV3","(ORIZABA), CANAL ASIG. : ALLOCAT - INDEFINIDO","HR16513867P","","NVSC2","","NACIONAL","","",318338.26,0.00,318338.26
"BODEGA JUCHITAN","31238","VERSA SENSE CVT 1.6 LTS 118 HP","NISSAN","AZUL ACERO/NEGRO","2026","3N1CN9AG4TL849251","JUCHITAN",0,"",55,"4163018",27/06/2026,"PV3","(JUCHITAN) (# CONCS. : 00525), CANAL ASIG. : ALLOCAT - INDEFINIDO","HR16523120P","","NVSC2","","NACIONAL","","",318338.26,0.00,318338.26
"BODEGA ORIZABA","31450","VERSA SENSE CVT 1.6 LTS 118 HP","NISSAN","BLANCO PERLADO/NEGRO","2026","3N1CN9AG0TL854639","ORIZABA",0,"",24,"4176929",28/07/2026,"PV3","(ORIZABA), CANAL ASIG. : ALLOCAT - INDEFINIDO","HR16530930P","","NVSC2","","NACIONAL","","",318338.26,0.00,318338.26
"BODEGA TUXTEPEC","31464","VERSA SENSE CVT 1.6 LTS 118 HP","NISSAN","AZUL COBALTO/NEGRO","2026","3N1CN9AG9TL853022","TUXTEPEC",0,"",24,"4177171",28/07/2026,"PV3","(TUXTEPEC) (# CONCS. : 00524), CANAL ASIG. : ALLOCAT - INDEFINIDO","HR16525942P","","NVSC2","","NACIONAL","","",318338.26,0.00,318338.26
"PEÑUELA","31540","VERSA SENSE CVT 1.6 LTS 118 HP","NISSAN","ROJO BURDEOS/NEGRO","2026","3N1CN9AG3TL856434","CORDOBA",0,"",21,"4179800",31/07/2026,"PV3","(CORDOBA) (# CONCS. : 00416), CANAL ASIG. : ALLOCAT - INDEFINIDO","HR16532628P","","NVSC2","","NACIONAL","","",318338.26,0.00,318338.26
"BODEGA TUXTEPEC","31550","VERSA SENSE CVT 1.6 LTS 118 HP","NISSAN","NEGRO/NEGRO CON AZUL","2026","3N1CN9AGXTL856544","TUXTEPEC",0,"",21,"4180570",31/07/2026,"PV3","(TUXTEPEC) (# CONCS. : 00524), CANAL ASIG. : ALLOCAT - INDEFINIDO","HR16532618P","","NVSC2","","NACIONAL","","",318338.26,0.00,318338.26
"BODEGA TUXTEPEC","31717","VERSA SENSE CVT 1.6 LTS 118 HP","NISSAN","GRIS /NEGRO","2026","3N1CN9AG8TL858406","TUXTEPEC",0,"",10,"4185821",11/08/2026,"PV3","(TUXTEPEC) (# CONCS. : 00524), CANAL ASIG. : ALLOCAT - INDEFINIDO","HR16535980P","","NVSC2","","NACIONAL","","",318469.10,0.00,318469.10
"BODEGA ORIZABA","31602","VERSA SENSE TM BASE 1.6 LTS 118 HP","NISSAN","BLANCO PERLADO/NEGRO","2026","3N1CN9AG1TL843813","ORIZABA",0,"",16,"4182561",05/08/2026,"PV3","(ORIZABA), CANAL ASIG. : AVR - DISTR. EN WEB","HR16516523P","","NVSM1","","NACIONAL","","",293780.10,0.00,293780.10
"BODEGA ORIZABA","31603","VERSA SENSE TM BASE 1.6 LTS 118 HP","NISSAN","BLANCO PERLADO/NEGRO","2026","3N1CN9AG3TL842968","ORIZABA",0,"",16,"4182562",05/08/2026,"PV3","(ORIZABA), CANAL ASIG. : AVR - DISTR. EN WEB","HR16514339P","","NVSM1","","NACIONAL","","",293780.10,0.00,293780.10
"BODEGA ORIZABA","31605","VERSA SENSE TM BASE 1.6 LTS 118 HP","NISSAN","BLANCO PERLADO/NEGRO","2026","3N1CN9AG6TL843581","ORIZABA",0,"",16,"4182566",05/08/2026,"PV3","(ORIZABA), CANAL ASIG. : AVR - DISTR. EN WEB","HR16516313P","","NVSM1","","NACIONAL","","",293780.10,0.00,293780.10
"BODEGA ORIZABA","31606","VERSA SENSE TM BASE 1.6 LTS 118 HP","NISSAN","BLANCO PERLADO/NEGRO","2026","3N1CN9AG8TL843386","ORIZABA",0,"",16,"4182569",05/08/2026,"PV3","(ORIZABA), CANAL ASIG. : AVR - DISTR. EN WEB","HR16515495P","","NVSM1","","NACIONAL","","",293780.10,0.00,293780.10
"BODEGA ORIZABA","31607","VERSA SENSE TM BASE 1.6 LTS 118 HP","NISSAN","BLANCO PERLADO/NEGRO","2026","3N1CN9AG9TL843056","ORIZABA",0,"",16,"4182571",05/08/2026,"PV3","(ORIZABA), CANAL ASIG. : AVR - DISTR. EN WEB","HR16514630P","","NVSM1","","NACIONAL","","",293780.10,0.00,293780.10
"BODEGA ORIZABA","31608","VERSA SENSE TM BASE 1.6 LTS 118 HP","NISSAN","BLANCO PERLADO/NEGRO","2026","3N1CN9AGXTL843793","ORIZABA",0,"",16,"4182573",05/08/2026,"PV3","(ORIZABA), CANAL ASIG. : AVR - DISTR. EN WEB","HR16516575P","","NVSM1","","NACIONAL","","",293780.10,0.00,293780.10
"BODEGA TIERRABLANCA","31610","VERSA SENSE TM BASE 1.6 LTS 118 HP","NISSAN","BLANCO PERLADO/NEGRO","2026","3N1CN9AG0TL843396","TIERRA BLANCA",0,"",16,"4182560",05/08/2026,"PV3","(TIERRA BLANCA) (# CONCS. : 00410), CANAL ASIG. : AVR - DISTR. EN WEB","HR16513953P","","NVSM1","","NACIONAL","","",293780.10,0.00,293780.10
"BODEGA TIERRABLANCA","31611","VERSA SENSE TM BASE 1.6 LTS 118 HP","NISSAN","BLANCO PERLADO/NEGRO","2026","3N1CN9AG7TL843508","TIERRA BLANCA",0,"",16,"4182567",05/08/2026,"PV3","(TIERRA BLANCA) (# CONCS. : 00410), CANAL ASIG. : AVR - DISTR. EN WEB","HR16515934P","","NVSM1","","NACIONAL","","",293780.10,0.00,293780.10
"BODEGA TIERRABLANCA","31612","VERSA SENSE TM BASE 1.6 LTS 118 HP","NISSAN","BLANCO PERLADO/NEGRO","2026","3N1CN9AG8TL843890","TIERRA BLANCA",0,"",16,"4182570",05/08/2026,"PV3","(TIERRA BLANCA) (# CONCS. : 00410), CANAL ASIG. : AVR - DISTR. EN WEB","HR16516549P","","NVSM1","","NACIONAL","","",293780.10,0.00,293780.10
"PEÑUELA","31616","VERSA SENSE TM BASE 1.6 LTS 118 HP","NISSAN","BLANCO PERLADO/NEGRO","2026","3N1CN9AG3TL843232","CORDOBA",0,"",16,"4182563",05/08/2026,"PV3","(CORDOBA) (# CONCS. : 00416), CANAL ASIG. : AVR - DISTR. EN WEB","HR16514076P","","NVSM1","","NACIONAL","","",293780.10,0.00,293780.10
"PEÑUELA","31617","VERSA SENSE TM BASE 1.6 LTS 118 HP","NISSAN","BLANCO PERLADO/NEGRO","2026","3N1CN9AG4TL843224","CORDOBA",0,"",16,"4182564",05/08/2026,"PV3","(CORDOBA) (# CONCS. : 00416), CANAL ASIG. : AVR - DISTR. EN WEB","HR16513895P","","NVSM1","","NACIONAL","","",293780.10,0.00,293780.10
"PEÑUELA","31618","VERSA SENSE TM BASE 1.6 LTS 118 HP","NISSAN","BLANCO PERLADO/NEGRO","2026","3N1CN9AG8TL843212","CORDOBA",0,"",16,"4182568",05/08/2026,"PV3","(CORDOBA) (# CONCS. : 00416), CANAL ASIG. : AVR - DISTR. EN WEB","HR16513900P","","NVSM1","","NACIONAL","","",293780.10,0.00,293780.10
"PEÑUELA","31619","VERSA SENSE TM BASE 1.6 LTS 118 HP","NISSAN","BLANCO PERLADO/NEGRO","2026","3N1CN9AGXTL843194","CORDOBA",0,"",16,"4182572",05/08/2026,"PV3","ROTULO TAXI","HR16512727P","","NVSM1","","NACIONAL","","",293780.10,0.00,293780.10
"BODEGA TUXTEPEC","31629","VERSA SENSE TM BASE 1.6 LTS 118 HP","NISSAN","BLANCO PERLADO/NEGRO","2026","3N1CN9AG2TL843688","TUXTEPEC",0,"",16,"4182660",05/08/2026,"PV3","RUTULO TAXI","HR16515900P","","NVSM1","","NACIONAL","","",293780.10,0.00,293780.10
"BODEGA TUXTEPEC","31630","VERSA SENSE TM BASE 1.6 LTS 118 HP","NISSAN","BLANCO PERLADO/NEGRO","2026","3N1CN9AG4TL843661","TUXTEPEC",0,"",16,"4182664",05/08/2026,"PV3","(TUXTEPEC) (# CONCS. : 00524), CANAL ASIG. : AVR - DISTR. EN WEB","HR16516477P","","NVSM1","","NACIONAL","","",293780.10,0.00,293780.10
"BODEGA TUXTEPEC","31631","VERSA SENSE TM BASE 1.6 LTS 118 HP","NISSAN","BLANCO PERLADO/NEGRO","2026","3N1CN9AG4TL843711","TUXTEPEC",0,"",16,"4182665",05/08/2026,"PV3","(TUXTEPEC) (# CONCS. : 00524), CANAL ASIG. : AVR - DISTR. EN WEB","HR16516327P","","NVSM1","","NACIONAL","","",293780.10,0.00,293780.10
"BODEGA TUXTEPEC","31632","VERSA SENSE TM BASE 1.6 LTS 118 HP","NISSAN","BLANCO PERLADO/NEGRO","2026","3N1CN9AG6TL843578","TUXTEPEC",0,"",16,"4182668",05/08/2026,"PV3","(TUXTEPEC) (# CONCS. : 00524), CANAL ASIG. : AVR - DISTR. EN WEB","HR16516311P","","NVSM1","","NACIONAL","","",293780.10,0.00,293780.10
"BODEGA TUXTEPEC","31633","VERSA SENSE TM BASE 1.6 LTS 118 HP","NISSAN","BLANCO PERLADO/NEGRO","2026","3N1CN9AG6TL843676","TUXTEPEC",0,"",16,"4182670",05/08/2026,"PV3","(TUXTEPEC) (# CONCS. : 00524), CANAL ASIG. : AVR - DISTR. EN WEB","HR16515908P","","NVSM1","","NACIONAL","","",293780.10,0.00,293780.10
"BODEGA TUXTEPEC","31634","VERSA SENSE TM BASE 1.6 LTS 118 HP","NISSAN","BLANCO PERLADO/NEGRO","2026","3N1CN9AG9TL843770","TUXTEPEC",0,"",16,"4182672",05/08/2026,"PV3","(TUXTEPEC) (# CONCS. : 00524), CANAL ASIG. : AVR - DISTR. EN WEB","HR16516521P","","NVSM1","","NACIONAL","","",293780.10,0.00,293780.10
"BODEGA TUXTEPEC","31635","VERSA SENSE TM BASE 1.6 LTS 118 HP","NISSAN","BLANCO PERLADO/NEGRO","2026","3N1CN9AGXTL843597","TUXTEPEC",0,"",16,"4182673",05/08/2026,"PV3","(TUXTEPEC) (# CONCS. : 00524), CANAL ASIG. : AVR - DISTR. EN WEB","HR16515938P","","NVSM1","","NACIONAL","","",293780.10,0.00,293780.10
"BODEGA JUCHITAN","31643","VERSA SENSE TM BASE 1.6 LTS 118 HP","NISSAN","BLANCO PERLADO/NEGRO","2026","3N1CN9AG3TL843490","JUCHITAN",1,"SAMUEL CASANOVA VELA",16,"4182662",05/08/2026,"PV3","20/08/26 525 CINTHIA GUADALUPE IRINEO RENDON","HR16515966P","","NVSM1","","NACIONAL","","",293780.10,0.00,293780.10
"BODEGA JUCHITAN","31644","VERSA SENSE TM BASE 1.6 LTS 118 HP","NISSAN","BLANCO PERLADO/NEGRO","2026","3N1CN9AG6TL843631","JUCHITAN",0,"",16,"4182669",05/08/2026,"PV3","(JUCHITAN) (# CONCS. : 00525), CANAL ASIG. : AVR - DISTR. EN WEB","HR16516486P","","NVSM1","","NACIONAL","","",293780.10,0.00,293780.10
"BODEGA SALINA CRUZ","31648","VERSA SENSE TM BASE 1.6 LTS 118 HP","NISSAN","BLANCO PERLADO/NEGRO","2026","3N1CN9AG0TL844371","SALINA CRUZ",0,"ANA FRANK SORIANO OR",16,"4182659",05/08/2026,"PV3","21/08/26 526 RODRIGUEZ BOLAÑOS MARIA LUCERO","HR16517633P","","NVSM1","","NACIONAL","","",293780.10,0.00,293780.10
"BODEGA SALINA CRUZ","31649","VERSA SENSE TM BASE 1.6 LTS 118 HP","NISSAN","BLANCO PERLADO/NEGRO","2026","3N1CN9AG2TL843965","SALINA CRUZ",0,"",16,"4182661",05/08/2026,"PV3","(SALINA CRUZ) (# CONCS. : 00526), CANAL ASIG. : AVR - DISTR. EN WEB","HR16516489P","","NVSM1","","NACIONAL","","",293780.10,0.00,293780.10
"BODEGA SALINA CRUZ","31650","VERSA SENSE TM BASE 1.6 LTS 118 HP","NISSAN","BLANCO PERLADO/NEGRO","2026","3N1CN9AG3TL843828","SALINA CRUZ",0,"",16,"4182663",05/08/2026,"PV3","(SALINA CRUZ) (# CONCS. : 00526), CANAL ASIG. : AVR - DISTR. EN WEB","HR16516572P","","NVSM1","","NACIONAL","","",293780.10,0.00,293780.10
"BODEGA SALINA CRUZ","31651","VERSA SENSE TM BASE 1.6 LTS 118 HP","NISSAN","BLANCO PERLADO/NEGRO","2026","3N1CN9AG4TL843935","SALINA CRUZ",0,"",16,"4182666",05/08/2026,"PV3","(SALINA CRUZ) (# CONCS. : 00526), CANAL ASIG. : AVR - DISTR. EN WEB","HR16516999P","","NVSM1","","NACIONAL","","",293780.10,0.00,293780.10
"BODEGA SALINA CRUZ","31652","VERSA SENSE TM BASE 1.6 LTS 118 HP","NISSAN","BLANCO PERLADO/NEGRO","2026","3N1CN9AG5TL843913","SALINA CRUZ",0,"",16,"4182667",05/08/2026,"PV3","(SALINA CRUZ) (# CONCS. : 00526), CANAL ASIG. : AVR - DISTR. EN WEB","HR16516548P","","NVSM1","","NACIONAL","","",293780.10,0.00,293780.10
"BODEGA SALINA CRUZ","31653","VERSA SENSE TM BASE 1.6 LTS 118 HP","NISSAN","BLANCO PERLADO/NEGRO","2026","3N1CN9AG8TL843937","SALINA CRUZ",0,"",16,"4182671",05/08/2026,"PV3","(SALINA CRUZ) (# CONCS. : 00526), CANAL ASIG. : AVR - DISTR. EN WEB","HR16517018P","","NVSM1","","NACIONAL","","",293780.10,0.00,293780.10
"BODEGA ORIZABA","30243","PATHFINDER PLATINUM T/A 3.5L 4WD","NISSAN","MINERAL TURQUESA BITONO/ CAFE","2026","5N1DR3MNXTC203281","ORIZABA",0,"",143,"6255870",31/03/2026,"PDE","DEMO | ORIZABA 31/03/26 | BARRAS TOLDO, LODERAS DEL Y TRAS, ESTRIBOS LUM, PORTAEQ, CONECTOR, TAPETES","VQ35 047384V","","PACW2-6","","IMPORTADO","","",839104.54,30774.15,869878.69
"PEÑUELA","30528","PATHFINDER PLATINUM T/A 3.5L 4WD","NISSAN","MINERAL TURQUESA BITONO/ CAFE","2026","5N1DR3MN2TC246531","CORDOBA",0,"",100,"6325220",13/05/2026,"PV6","BARRAS DE TOLDO, NITRO ACCESORIO TAPON","VQ35 090614V","","PACW5","","IMPORTADO","","",839226.54,0.00,839226.54
"BODEGA TUXTEPEC","30529","PATHFINDER PLATINUM T/A 3.5L 4WD","NISSAN","GRIS VOLCANICO BITONO/CAFE","2026","5N1DR3MN2TC245153","TUXTEPEC",0,"",100,"6325660",13/05/2026,"PV6","PORTA PLAC+CAJ DE HERR+TAPERES+CENICERO= $10,698.00","VQ35 089071V","","PACW5","","IMPORTADO","","",839226.54,0.00,839226.54
"BODEGA ORIZABA","31275","PATHFINDER PLATINUM T/A 3.5L 4WD","NISSAN","NEGRO/CAFE","2026","5N1DR3MN2TC256508","ORIZABA",0,"",52,"6454960",30/06/2026,"PV6","INTERCAMBIO SPANICAR","VQ35 101474V","","PACW5","","IMPORTADO","","",839226.54,0.00,839226.54
"BODEGA ORIZABA","31444","PATHFINDER PLATINUM T/A 3.5L 4WD","NISSAN","NEGRO/CAFE","2026","5N1DR3MN2TC271106","ORIZABA",0,"",25,"6506880",27/07/2026,"PV6","(ORIZABA), CANAL ASIG. : ALLOCAT - INDEFINIDO","VQ35 110565V","","PACW5","","IMPORTADO","","",839226.54,0.00,839226.54
"BODEGA SALINA CRUZ","30297","SENTRA SR PLATINUM CVT INT GRIS 2.0 LTS","NISSAN","GRAFENO BITONO/ GRIS","2026","3N1AB9AE5TY277754","SALINA CRUZ",0,"",130,"4126084",13/04/2026,"P4V","DISPONIBLE","MR20395115K","","SRMR1","","NACIONAL","","",422850.26,0.00,422850.26
"BODEGA TUXTEPEC","28194","URVAN 14 PASAJEROS AMP T/M 2.5L A/A","NISSAN","GRIS OXFORD/NEGRO","2025","JN1BE6DSXS9123878","TUXTEPEC",0,"",265,"6021350",29/11/2025,"P4V","(TUXTEPEC) (# CONCS. : 00524), CANAL ASIG. : ALLOCAT - INDEFINIDO","QR25865366Q","","U5MA4-3","","IMPORTADO","","",600465.48,0.00,600465.48
"BODEGA SALINA CRUZ","28467","URVAN 14 PASAJEROS AMP T/M 2.5L A/A","NISSAN","BLANCO/NEGRO","2025","JN1BE6DS2S9124555","SALINA CRUZ",0,"",248,"6046980",16/12/2025,"P4V","DISPONIBLE","QR25866891Q","","U5MA4-3","","IMPORTADO","","",600465.48,0.00,600465.48
"BODEGA SALINA CRUZ","28468","URVAN 14 PASAJEROS AMP T/M 2.5L A/A","NISSAN","BLANCO/NEGRO","2025","JN1BE6DS3S9124497","SALINA CRUZ",0,"JOSE MARIA LOMELI OJ",248,"6046990",16/12/2025,"P4V","21/08/26 410 ISABEL GUTIERREZ MARQUEZ","QR25866802Q","","U5MA4-3","","IMPORTADO","","",600465.48,0.00,600465.48
"BODEGA SALINA CRUZ","28469","URVAN 14 PASAJEROS AMP T/M 2.5L A/A","NISSAN","BLANCO/NEGRO","2025","JN1BE6DS8S9124477","SALINA CRUZ",0,"",248,"6047000",16/12/2025,"P4V","(SALINA CRUZ) (# CONCS. : 00526), CANAL ASIG. : ALLOCAT - INDEFINIDO","QR25866642Q","","U5MA4-3","","IMPORTADO","","",600465.48,0.00,600465.48
"BODEGA ORIZABA","31249","URVAN PANEL AMPLIA T/M 2.5L A/A","NISSAN","BLANCO/NEGRO","2026","JN6BE6CS7T9153529","ORIZABA",0,"",53,"6450640",29/06/2026,"P4V","UNIDAD ROTULADA EN EXHIBICION","QR25877628Q","","UCMPA","","IMPORTADO","","",480056.26,0.00,480056.26
"BODEGA JUCHITAN","31290","URVAN PANEL AMPLIA T/M 2.5L A/A","NISSAN","BLANCO/NEGRO","2026","JN6BE6CSXT9153718","JUCHITAN",0,"",52,"6455150",30/06/2026,"P4V","(JUCHITAN) (# CONCS. : 00525), CANAL ASIG. : ALLOCAT - INDEFINIDO","QR25878112Q","","UCMPA","","IMPORTADO","","",480056.26,0.00,480056.26
"BODEGA SALINA CRUZ","31394","URVAN PANEL 4 PUERTAS VENTANAS AMP T/M 2.5L","NISSAN","BLANCO/NEGRO","2026","JN6BE6CS0T9154022","SALINA CRUZ",0,"",35,"6471340",17/07/2026,"P4V","(SALINA CRUZ) (# CONCS. : 00526), CANAL ASIG. : ALLOCAT - INDEFINIDO","QR25878689Q","","UPMPB","","IMPORTADO","","",478611.26,0.00,478611.26
"BODEGA CORDOBA","29984","V-DRIVE 4 PUERTAS T/M A/C AUDIO 1.6 LTS","NISSAN","BLANCO PERLADO/NEGRO","2026","3N1CN8AE9TL821759","CORDOBA",0,"",150,"4115680",24/03/2026,"PCN","DEMO |  FLOTILLA","HR16484850P","","VCVDMC2","","NACIONAL","","",272695.26,0.00,272695.26
"BODEGA SALINA CRUZ","31480","V-DRIVE BASE 4 PUERTAS T/M 1.6 LTS","NISSAN","BLANCO PERLADO/NEGRO","2026","3N1CN8AE7TL850533","SALINA CRUZ",0,"",24,"4177163",28/07/2026,"0P3","ROTULADO TAXI","HR16519805P","","VDMC1","","NACIONAL","","",246653.26,0.00,246653.26
"BODEGA SALINA CRUZ","31481","V-DRIVE BASE 4 PUERTAS T/M 1.6 LTS","NISSAN","BLANCO PERLADO/NEGRO","2026","3N1CN8AE7TL853707","SALINA CRUZ",0,"",24,"4177164",28/07/2026,"0P3","ROTULADO TAXI","HR16528430P","","VDMC1","","NACIONAL","","",246653.26,0.00,246653.26
"EN TRANSITO","31792","V-DRIVE BASE 4 PUERTAS T/M 1.6 LTS","NISSAN","PLATA/GRIS","2026","3N1CN8AE1TL858546","SALINA CRUZ",0,"",3,"4188557",18/08/2026,"0P3","(SALINA CRUZ) (# CONCS. : 00526), CANAL ASIG. : ALLOCAT - INDEFINIDO","HR16536128P","","VDMC1","","NACIONAL","","",246804.10,0.00,246804.10
"BODEGA TIERRABLANCA","31454","V-DRIVE 4 PUERTAS T/M A/C AUDIO 1.6 LTS","NISSAN","BLANCO PERLADO/NEGRO","2026","3N1CN8AE5TL854368","TIERRA BLANCA",0,"",24,"4176928",28/07/2026,"0P3","DISPONIBLE","HR16530628P","","VEDCA","","NACIONAL","","",252826.26,0.00,252826.26
"EN TRANSITO","31801","V-DRIVE 4 PUERTAS T/M A/C AUDIO 1.6 LTS","NISSAN","BLANCO PERLADO/NEGRO","2026","3N1CN8AE5TL859439","TUXTEPEC",0,"",2,"4189198",19/08/2026,"0P3","(TUXTEPEC) (# CONCS. : 00524), CANAL ASIG. : ALLOCAT - INDEFINIDO","HR16536496P","","VEDCA","","NACIONAL","","",252976.10,0.00,252976.10
"EN TRANSITO","31803","V-DRIVE 4 PUERTAS T/M A/C AUDIO 1.6 LTS","NISSAN","BLANCO PERLADO/NEGRO","2026","3N1CN8AE1TL857770","JUCHITAN",0,"",2,"4189197",19/08/2026,"0P3","(JUCHITAN) (# CONCS. : 00525), CANAL ASIG. : ALLOCAT - INDEFINIDO","HR16529482P","","VEDCA","","NACIONAL","","",252976.10,0.00,252976.10
"PEÑUELA","29378","VERSA ADVANCE T/M 1.6 LTS 118 HP","NISSAN","PLATA/NEGRO","2026","3N1CN9AG3TL818914","CORDOBA",0,"",182,"4093342",20/02/2026,"PV3","(CORDOBA) (# CONCS. : 00416), CANAL ASIG. : ALLOCAT - INDEFINIDO","HR16481973P","","VEMA7","","NACIONAL","","",331914.26,0.00,331914.26
"BODEGA ORIZABA","29408","VERSA ADVANCE T/M 1.6 LTS 118 HP","NISSAN","PLATA/NEGRO","2026","3N1CN9AG9TL814365","ORIZABA",0,"",181,"4095880",21/02/2026,"PV3","TAPETES RIGIDOS $ 1,340","HR16475680P","","VEMA7","","NACIONAL","","",331914.26,750.08,332664.34
"BODEGA JUCHITAN","29442","VERSA ADVANCE T/M 1.6 LTS 118 HP","NISSAN","PLATA/NEGRO","2026","3N1CN9AG7TL816549","JUCHITAN",0,"",181,"4096283",21/02/2026,"PV3","DISPONIBLE","HR16478229P","","VEMA7","","NACIONAL","","",331914.26,0.00,331914.26
"BODEGA ORIZABA","29526","VERSA ADVANCE T/M 1.6 LTS 118 HP","NISSAN","GRIS /NEGRO","2026","3N1CN9AG5TL820065","ORIZABA",1,"ERIKA MORENO GONZALE",177,"4100369",25/02/2026,"PV3","20/08/26 524 HERNANDEZ MORALES JOSE ANGEL | NISSAN CONEC FINDER 1 (SERV ADD RT 1 A)","HR16482307P","","VEMA7","","NACIONAL","","",331914.26,4026.87,335941.13
"BODEGA ORIZABA","29582","VERSA ADVANCE T/M 1.6 LTS 118 HP","NISSAN","GRIS /NEGRO","2026","3N1CN9AG8TL812025","ORIZABA",0,"",175,"4102467",27/02/2026,"PV3","DISPONIBLE | NISSAN CONEC FINDER 1 (SERV ADD RT 1 A)","HR16472948P","","VEMA7","","NACIONAL","","",331914.26,4026.88,335941.14
"BODEGA SALINA CRUZ","29625","VERSA ADVANCE T/M 1.6 LTS 118 HP","NISSAN","GRIS /NEGRO","2026","3N1CN9AG2TL811226","SALINA CRUZ",0,"",175,"4102694",27/02/2026,"PV3","NISSAN CONECT FINDER $ 7,300","HR16471231P","","VEMA7","","NACIONAL","","",331914.26,0.00,331914.26
"BODEGA ORIZABA","29631","VERSA ADVANCE T/M 1.6 LTS 118 HP","NISSAN","BLANCO PERLADO/NEGRO","2026","3N1CN9AG7TL820276","ORIZABA",0,"",174,"4104255",28/02/2026,"PV3","DISPONIBLE | NISSAN CONEC FINDER 1 (SERV ADD RT 1 A)","HR16479168P","","VEMA7","","NACIONAL","","",331914.26,4026.87,335941.13
"BODEGA SALINA CRUZ","29727","VERSA ADVANCE T/M 1.6 LTS 118 HP","NISSAN","GRIS /NEGRO","2026","3N1CN9AG1TL820161","SALINA CRUZ",0,"",169,"4105469",05/03/2026,"PV3","NISSAN CONECT FINDER $ 7,300","HR16482685P","","VEMA7","","NACIONAL","","",331914.26,0.00,331914.26
"BODEGA JUCHITAN","29795","VERSA ADVANCE T/M 1.6 LTS 118 HP","NISSAN","PLATA/NEGRO","2026","3N1CN9AG9TL823759","JUCHITAN",0,"",162,"4107625",12/03/2026,"PV3","DISPONIBLE","HR16486109P","","VEMA7","","NACIONAL","","",331914.26,0.00,331914.26
"BODEGA TUXTEPEC","29854","VERSA ADVANCE T/M 1.6 LTS 118 HP","NISSAN","BLANCO PERLADO/NEGRO","2026","3N1CN9AG4TL825841","TUXTEPEC",0,"",154,"4114493",20/03/2026,"PV3","PORTA PLACAS","HR16488903P","","VEMA7","","NACIONAL","","",331914.26,0.00,331914.26
"BODEGA ORIZABA","29880","VERSA ADVANCE T/M 1.6 LTS 118 HP","NISSAN","PLATA/NEGRO","2026","3N1CN9AG3TL825796","ORIZABA",0,"",151,"4115429",23/03/2026,"PV3","TAPETES RIGIDOS $ 1,340","HR16488033P","","VEMA7","","NACIONAL","","",331914.26,1768.48,333682.74
"PEÑUELA","29959","VERSA ADVANCE T/M 1.6 LTS 118 HP","NISSAN","PLATA/NEGRO","2026","3N1CN9AG7TL825283","CORDOBA",0,"",150,"4116232",24/03/2026,"PV3","DISPONIBLE","HR16488489P","","VEMA7","","NACIONAL","","",331914.26,0.00,331914.26
"PEÑUELA","29962","VERSA ADVANCE T/M 1.6 LTS 118 HP","NISSAN","BLANCO PERLADO/NEGRO","2026","3N1CN9AG3TL825877","CORDOBA",0,"",150,"4116231",24/03/2026,"PV3","(CORDOBA) (# CONCS. : 00416), CANAL ASIG. : ALLOCAT - INDEFINIDO","HR16489623P","","VEMA7","","NACIONAL","","",331914.26,0.00,331914.26
"BODEGA TUXTEPEC","30008","VERSA ADVANCE T/M 1.6 LTS 118 HP","NISSAN","PLATA/NEGRO","2026","3N1CN9AG8TL824708","TUXTEPEC",0,"",150,"4116452",24/03/2026,"PV3","PORTAPLACAS NISSAN $ 1,130 + TAPETES RIGIDOS $ 1,340 + GANCHO CAJUELA P/BOLSAS $ 740","HR16488804P","","VEMA7","","NACIONAL","","",331914.26,0.00,331914.26
"BODEGA JUCHITAN","30026","VERSA ADVANCE T/M 1.6 LTS 118 HP","NISSAN","BLANCO PERLADO/NEGRO","2026","3N1CN9AGXTL825889","JUCHITAN",0,"",150,"4116454",24/03/2026,"PV3","DISPONIBLE","HR16489621P","","VEMA7","","NACIONAL","","",331914.26,0.00,331914.26
"BODEGA JUCHITAN","30027","VERSA ADVANCE T/M 1.6 LTS 118 HP","NISSAN","PLATA/NEGRO","2026","3N1CN9AG7TL824313","JUCHITAN",0,"",150,"4116451",24/03/2026,"PV3","DISPONIBLE","HR16487799P","","VEMA7","","NACIONAL","","",331914.26,0.00,331914.26
"BODEGA SALINA CRUZ","30046","VERSA ADVANCE T/M 1.6 LTS 118 HP","NISSAN","PLATA/NEGRO","2026","3N1CN9AG9TL825771","SALINA CRUZ",0,"",150,"4116453",24/03/2026,"PV3","DISPONIBLE | TAA  $ 7,300","HR16488587P","","VEMA7","","NACIONAL","","",331914.26,0.00,331914.26
"BODEGA TIERRABLANCA","30058","VERSA ADVANCE T/M 1.6 LTS 118 HP","NISSAN","ROJO BURDEOS/NEGRO","2026","3N1CN9AGXTL811832","TIERRA BLANCA",0,"",149,"4117793",25/03/2026,"PV3","DISPONIBLE","HR16472664P","","VEMA7","","NACIONAL","","",331914.26,0.00,331914.26
"BODEGA TUXTEPEC","30068","VERSA ADVANCE T/M 1.6 LTS 118 HP","NISSAN","ROJO BURDEOS/NEGRO","2026","3N1CN9AGXTL811796","TUXTEPEC",0,"",149,"4117987",25/03/2026,"PV3","PORTAPLACAS NISSAN $ 1,130 + TAPETES RIGIDOS $ 1,340 + GANCHO CAJUELA P/BOLSAS $ 740","HR16472421P","","VEMA7","","NACIONAL","","",331914.26,0.00,331914.26
"BODEGA JUCHITAN","30073","VERSA ADVANCE T/M 1.6 LTS 118 HP","NISSAN","ROJO BURDEOS/NEGRO","2026","3N1CN9AG8TL811747","JUCHITAN",0,"",149,"4117986",25/03/2026,"PV3","DISPONIBLE","HR16471589P","","VEMA7","","NACIONAL","","",331914.26,0.00,331914.26
"PEÑUELA","30098","VERSA ADVANCE T/M 1.6 LTS 118 HP","NISSAN","BLANCO PERLADO/NEGRO","2026","3N1CN9AG5TL828134","CORDOBA",0,"",148,"4118423",26/03/2026,"PV3","(CORDOBA) (# CONCS. : 00416), CANAL ASIG. : ALLOCAT - INDEFINIDO","HR16492028P","","VEMA7","","NACIONAL","","",331914.26,0.00,331914.26
"BODEGA TUXTEPEC","30128","VERSA ADVANCE T/M 1.6 LTS 118 HP","NISSAN","BLANCO PERLADO/NEGRO","2026","3N1CN9AG0TL828381","TUXTEPEC",0,"",147,"4120273",27/03/2026,"PV3","TAPETES DE USO RUDO","HR16490615P","","VEMA7","","NACIONAL","","",331914.26,0.00,331914.26
"BODEGA JUCHITAN","30133","VERSA ADVANCE T/M 1.6 LTS 118 HP","NISSAN","ROJO BURDEOS/NEGRO","2026","3N1CN9AG4TL828609","JUCHITAN",0,"",147,"4119747",27/03/2026,"PV3","DISPONIBLE","HR16493346P","","VEMA7","","NACIONAL","","",331914.26,0.00,331914.26
"BODEGA SALINA CRUZ","30137","VERSA ADVANCE T/M 1.6 LTS 118 HP","NISSAN","GRIS /NEGRO","2026","3N1CN9AG9TL828802","SALINA CRUZ",0,"",147,"4120274",27/03/2026,"PV3","PORTAPLACAS NISSAN $ 1,130 + TAPETES RIGIDOS $ 1,340 + GANCHO CAJUELA P/BOLSAS $ 740","HR16491675P","","VEMA7","","NACIONAL","","",331914.26,0.00,331914.26
"BODEGA JUCHITAN","30152","VERSA ADVANCE T/M 1.6 LTS 118 HP","NISSAN","ROJO BURDEOS/NEGRO","2026","3N1CN9AG1TL828826","JUCHITAN",0,"",146,"4120754",28/03/2026,"PV3","(JUCHITAN) (# CONCS. : 00525), CANAL ASIG. : ALLOCAT - INDEFINIDO","HR16492635P","","VEMA7","","NACIONAL","","",331914.26,0.00,331914.26
"BODEGA ORIZABA","30162","VERSA ADVANCE T/M 1.6 LTS 118 HP","NISSAN","ROJO BURDEOS/NEGRO","2026","3N1CN9AG8TL828533","ORIZABA",0,"",144,"4121833",30/03/2026,"PV3","(ORIZABA), CANAL ASIG. : ALLOCAT - INDEFINIDO","HR16492800P","","VEMA7","","NACIONAL","","",331914.26,0.00,331914.26
"BODEGA JUCHITAN","30188","VERSA ADVANCE T/M 1.6 LTS 118 HP","NISSAN","BLANCO PERLADO/NEGRO","2026","3N1CN9AG3TL828469","JUCHITAN",0,"",144,"4121212",30/03/2026,"PV3","DISPONIBLE","HR16492850P","","VEMA7","","NACIONAL","","",331914.26,0.00,331914.26
"BODEGA TIERRABLANCA","30249","VERSA ADVANCE T/M 1.6 LTS 118 HP","NISSAN","ROJO BURDEOS/NEGRO","2026","3N1CN9AG6TL829518","TIERRA BLANCA",0,"",143,"4123882",31/03/2026,"PV3","(TIERRA BLANCA) (# CONCS. : 00410), CANAL ASIG. : AVR/MAR - DIRECTA NMX","HR16490248P","","VEMA7","","NACIONAL","","",331914.26,0.00,331914.26
"BODEGA TIERRABLANCA","30303","VERSA ADVANCE T/M 1.6 LTS 118 HP","NISSAN","ROJO BURDEOS/NEGRO","2026","3N1CN9AG1TL830687","TIERRA BLANCA",0,"",128,"4126823",15/04/2026,"PV3","DISPONIBLE","HR16497144P","","VEMA7","","NACIONAL","","",332036.26,0.00,332036.26
"BODEGA TUXTEPEC","30309","VERSA ADVANCE T/M 1.6 LTS 118 HP","NISSAN","PLATA/NEGRO","2026","3N1CN9AG3TL830884","TUXTEPEC",0,"",127,"4127193",16/04/2026,"PV3","TAPETES USO RUDO","HR16497750P","","VEMA7","","NACIONAL","","",332036.26,0.00,332036.26
"BODEGA JUCHITAN","30330","VERSA ADVANCE T/M 1.6 LTS 118 HP","NISSAN","GRIS /NEGRO","2026","3N1CN9AG3TL831842","JUCHITAN",0,"",123,"4128039",20/04/2026,"PV3","DISPONIBLE","HR16495168P","","VEMA7","","NACIONAL","","",332036.26,0.00,332036.26
"BODEGA ORIZABA","30336","VERSA ADVANCE T/M 1.6 LTS 118 HP","NISSAN","BLANCO PERLADO/NEGRO","2026","3N1CN9AG5TL832202","ORIZABA",0,"",121,"4128784",22/04/2026,"PV3","DISPONIBLE | NISSAN CONEC FINDER 1 (SERV ADD RT 1 A)","HR16498707P","","VEMA7","","NACIONAL","","",332036.26,4026.88,336063.14
"BODEGA JUCHITAN","30458","VERSA ADVANCE T/M 1.6 LTS 118 HP","NISSAN","BLANCO PERLADO/NEGRO","2026","3N1CN9AG6TL834525","JUCHITAN",0,"",113,"4133668",30/04/2026,"PV3","DISPONIBLE","HR16501760P","","VEMA7","","NACIONAL","","",332036.26,0.00,332036.26
"BODEGA SALINA CRUZ","30499","VERSA ADVANCE T/M 1.6 LTS 118 HP","NISSAN","ROJO BURDEOS/NEGRO","2026","3N1CN9AG4TL835429","SALINA CRUZ",0,"",106,"4136410",07/05/2026,"PV3","DISPONIBLE","HR16504124P","","VEMA7","","NACIONAL","","",332036.26,0.00,332036.26
"BODEGA ORIZABA","30512","VERSA ADVANCE T/M 1.6 LTS 118 HP","NISSAN","PLATA/NEGRO","2026","3N1CN9AG6TL830961","ORIZABA",0,"",113,"4134635",30/04/2026,"PV3","DAÑO RAYON FASCIA DELANTERA LADO IZQUIERDO","HR16497873P","","VEMA7","","NACIONAL","","",332036.26,0.00,332036.26
"BODEGA TUXTEPEC","30519","VERSA ADVANCE T/M 1.6 LTS 118 HP","NISSAN","PLATA/NEGRO","2026","3N1CN9AG1TL830981","TUXTEPEC",0,"",113,"4134699",30/04/2026,"PV3","(TUXTEPEC) (# CONCS. : 00524), CANAL ASIG. : AVR/MAR - DIRECTA NMX","HR16496476P","","VEMA7","","NACIONAL","","",332036.26,0.00,332036.26
"BODEGA ORIZABA","30521","VERSA ADVANCE T/M 1.6 LTS 118 HP","NISSAN","BLANCO PERLADO/NEGRO","2026","3N1CN9AGXTL836004","ORIZABA",0,"",101,"4137159",12/05/2026,"PV3","(ORIZABA), CANAL ASIG. : ALLOCAT - INDEFINIDO","HR16503890P","","VEMA7","","NACIONAL","","",332036.26,0.00,332036.26
"PEÑUELA","30526","VERSA ADVANCE T/M 1.6 LTS 118 HP","NISSAN","GRIS /NEGRO","2026","3N1CN9AG7TL836364","CORDOBA",0,"",100,"4137590",13/05/2026,"PV3","(CORDOBA) (# CONCS. : 00416), CANAL ASIG. : ALLOCAT - INDEFINIDO","HR16505805P","","VEMA7","","NACIONAL","","",332036.26,0.00,332036.26
"BODEGA ORIZABA","30541","VERSA ADVANCE T/M 1.6 LTS 118 HP","NISSAN","GRIS /NEGRO","2026","3N1CN9AG0TL836531","ORIZABA",0,"",98,"4138884",15/05/2026,"PV3","(ORIZABA), CANAL ASIG. : ALLOCAT - INDEFINIDO","HR16506143P","","VEMA7","","NACIONAL","","",332036.26,0.00,332036.26
"PEÑUELA","30552","VERSA ADVANCE T/M 1.6 LTS 118 HP","NISSAN","BLANCO PERLADO/NEGRO","2026","3N1CN9AG0TL836142","CORDOBA",0,"",98,"4138883",15/05/2026,"PV3","DISPONIBLE","HR16504896P","","VEMA7","","NACIONAL","","",332036.26,0.00,332036.26
"BODEGA TUXTEPEC","30554","VERSA ADVANCE T/M 1.6 LTS 118 HP","NISSAN","BLANCO PERLADO/NEGRO","2026","3N1CN9AG1TL834528","TUXTEPEC",0,"",98,"4139122",15/05/2026,"PV3","PORTA PLACAS","HR16501748P","","VEMA7","","NACIONAL","","",332036.26,0.00,332036.26
"BODEGA TUXTEPEC","30555","VERSA ADVANCE T/M 1.6 LTS 118 HP","NISSAN","BLANCO PERLADO/NEGRO","2026","3N1CN9AG3TL834675","TUXTEPEC",0,"",98,"4139123",15/05/2026,"PV3","PORTA PLACAS","HR16502645P","","VEMA7","","NACIONAL","","",332036.26,0.00,332036.26
"BODEGA ORIZABA","30576","VERSA ADVANCE T/M 1.6 LTS 118 HP","NISSAN","ROJO BURDEOS/NEGRO","2026","3N1CN9AG5TL837836","ORIZABA",0,"",95,"4140285",18/05/2026,"PV3","(ORIZABA), CANAL ASIG. : ALLOCAT - INDEFINIDO","HR16503495P","","VEMA7","","NACIONAL","","",332036.26,0.00,332036.26
"PEÑUELA","30583","VERSA ADVANCE T/M 1.6 LTS 118 HP","NISSAN","ROJO BURDEOS/NEGRO","2026","3N1CN9AG4TL837844","CORDOBA",0,"",95,"4140284",18/05/2026,"PV3","(CORDOBA) (# CONCS. : 00416), CANAL ASIG. : ALLOCAT - INDEFINIDO","HR16507660P","","VEMA7","","NACIONAL","","",332036.26,0.00,332036.26
"BODEGA JUCHITAN","30596","VERSA ADVANCE T/M 1.6 LTS 118 HP","NISSAN","ROJO BURDEOS/NEGRO","2026","3N1CN9AG6TL837845","JUCHITAN",0,"",95,"4139968",18/05/2026,"PV3","(JUCHITAN) (# CONCS. : 00525), CANAL ASIG. : ALLOCAT - INDEFINIDO","HR16503491P","","VEMA7","","NACIONAL","","",332036.26,0.00,332036.26
"BODEGA SALINA CRUZ","30601","VERSA ADVANCE T/M 1.6 LTS 118 HP","NISSAN","GRIS /NEGRO","2026","3N1CN9AG1TL837655","SALINA CRUZ",0,"",95,"4139967",18/05/2026,"PV3","(SALINA CRUZ) (# CONCS. : 00526), CANAL ASIG. : ALLOCAT - INDEFINIDO","HR16503366P","","VEMA7","","NACIONAL","","",332036.26,0.00,332036.26
"BODEGA ORIZABA","30607","VERSA ADVANCE T/M 1.6 LTS 118 HP","NISSAN","PLATA/NEGRO","2026","3N1CN9AG4TL838170","ORIZABA",0,"",94,"4140765",19/05/2026,"PV3","(ORIZABA), CANAL ASIG. : ALLOCAT - INDEFINIDO","HR16507920P","","VEMA7","","NACIONAL","","",332036.26,0.00,332036.26
"BODEGA TUXTEPEC","30644","VERSA ADVANCE T/M 1.6 LTS 118 HP","NISSAN","GRIS /NEGRO","2026","3N1CN9AG1TL838370","TUXTEPEC",0,"",93,"4141631",20/05/2026,"PV3","PORTA PLACAS","HR16508290P","","VEMA7","","NACIONAL","","",332036.26,0.00,332036.26
"BODEGA TUXTEPEC","30659","VERSA ADVANCE T/M 1.6 LTS 118 HP","NISSAN","GRIS /NEGRO","2026","3N1CN9AGXTL838786","TUXTEPEC",0,"",92,"4141902",21/05/2026,"PV3","PORTA PLACAS","HR16509059P","","VEMA7","","NACIONAL","","",332036.26,0.00,332036.26
"EN TRANSITO","30735","VERSA ADVANCE T/M 1.6 LTS 118 HP","NISSAN","BLANCO PERLADO/NEGRO","2026","3N1CN9AG0TL839428","ORIZABA",0,"",85,"4145016",28/05/2026,"PDE","DEMO | PROT DE CAJUELA -TAPETES USO RUD-PORT PLAC-DEFLECTOR-ESTRIBOS INT","HR16509301P","","VEMA7","","NACIONAL","","",332036.26,9152.68,341188.94
"BODEGA TIERRABLANCA","30748","VERSA ADVANCE T/M 1.6 LTS 118 HP","NISSAN","BLANCO PERLADO/NEGRO","2026","3N1CN9AG4TL836130","TIERRA BLANCA",0,"",85,"4145017",28/05/2026,"PDE","DEMO | TB 29 MAY 26 | TAPETE USO RUDO,PROT CAJ, ESTRIBOS INT, PORTAPLACAS, DEFLECTORES VIENTO","HR16504891P","","VEMA7","","NACIONAL","","",332036.26,0.00,332036.26
"EN TRANSITO","30754","VERSA ADVANCE T/M 1.6 LTS 118 HP","NISSAN","BLANCO PERLADO/NEGRO","2026","3N1CN9AG5TL836296","CORDOBA",0,"",85,"4145018",28/05/2026,"PDE","DEMO | CORDOBA 29 MAY 26","HR16505380P","","VEMA7","","NACIONAL","","",332036.26,0.00,332036.26
"EN TRANSITO","30765","VERSA ADVANCE T/M 1.6 LTS 118 HP","NISSAN","BLANCO PERLADO/NEGRO","2026","3N1CN9AG2TL839687","TUXTEPEC",0,"",85,"4145163",28/05/2026,"PDE","DEMO | TUXTEPEC 29 MAY 26","HR16509727P","","VEMA7","","NACIONAL","","",332036.26,0.00,332036.26
"BODEGA TUXTEPEC","30766","VERSA ADVANCE T/M 1.6 LTS 118 HP","NISSAN","PLATA/NEGRO","2026","3N1CN9AG8TL840536","TUXTEPEC",0,"",85,"4145166",28/05/2026,"PV3","(TUXTEPEC) (# CONCS. : 00524), CANAL ASIG. : ALLOCAT - INDEFINIDO","HR16511272P","","VEMA7","","NACIONAL","","",332036.26,0.00,332036.26
"EN TRANSITO","30777","VERSA ADVANCE T/M 1.6 LTS 118 HP","NISSAN","BLANCO PERLADO/NEGRO","2026","3N1CN9AG3TL839455","JUCHITAN",0,"",85,"4145164",28/05/2026,"PDE","DEMO | JUCHITAN 29 MAY 26","HR16509323P","","VEMA7","","NACIONAL","","",332036.26,0.00,332036.26
"EN TRANSITO","30784","VERSA ADVANCE T/M 1.6 LTS 118 HP","NISSAN","BLANCO PERLADO/NEGRO","2026","3N1CN9AG7TL837465","SALINA CRUZ",0,"",85,"4145165",28/05/2026,"PDE","DEMO | SALINA CRUZ 29 MAY 26","HR16507308P","","VEMA7","","NACIONAL","","",332036.26,0.00,332036.26
"BODEGA ORIZABA","30795","VERSA ADVANCE T/M 1.6 LTS 118 HP","NISSAN","GRIS /NEGRO","2026","3N1CN9AG2TL840791","ORIZABA",0,"",84,"4147229",29/05/2026,"PV3","DISPONIBLE","HR16511768P","","VEMA7","","NACIONAL","","",332036.26,0.00,332036.26
"BODEGA ORIZABA","30796","VERSA ADVANCE T/M 1.6 LTS 118 HP","NISSAN","ROJO BURDEOS/NEGRO","2026","3N1CN9AG9TL839878","ORIZABA",0,"",84,"4147230",29/05/2026,"PV3","(ORIZABA), CANAL ASIG. : ALLOCAT - INDEFINIDO","HR16508806P","","VEMA7","","NACIONAL","","",332036.26,0.00,332036.26
"PEÑUELA","30806","VERSA ADVANCE T/M 1.6 LTS 118 HP","NISSAN","PLATA/NEGRO","2026","3N1CN9AGXTL840537","CORDOBA",0,"",84,"4146239",29/05/2026,"PV3","(CORDOBA) (# CONCS. : 00416), CANAL ASIG. : ALLOCAT - INDEFINIDO","HR16510786P","","VEMA7","","NACIONAL","","",332036.26,0.00,332036.26
"PEÑUELA","30807","VERSA ADVANCE T/M 1.6 LTS 118 HP","NISSAN","AZUL ACERO/NEGRO","2026","3N1CN9AG0TL839154","CORDOBA",0,"",84,"4147227",29/05/2026,"PV3","(CORDOBA) (# CONCS. : 00416), CANAL ASIG. : ALLOCAT - INDEFINIDO","HR16509702P","","VEMA7","","NACIONAL","","",332036.26,0.00,332036.26
"PEÑUELA","30808","VERSA ADVANCE T/M 1.6 LTS 118 HP","NISSAN","GRIS /NEGRO","2026","3N1CN9AG2TL840659","CORDOBA",0,"",84,"4147228",29/05/2026,"PV3","(CORDOBA) (# CONCS. : 00416), CANAL ASIG. : ALLOCAT - INDEFINIDO","HR16511544P","","VEMA7","","NACIONAL","","",332036.26,0.00,332036.26
"BODEGA TUXTEPEC","30818","VERSA ADVANCE T/M 1.6 LTS 118 HP","NISSAN","ROJO BURDEOS/NEGRO","2026","3N1CN9AG6TL839403","TUXTEPEC",0,"",84,"4147498",29/05/2026,"PV3","(TUXTEPEC) (# CONCS. : 00524), CANAL ASIG. : ALLOCAT - INDEFINIDO","HR16509421P","","VEMA7","","NACIONAL","","",332036.26,0.00,332036.26
"BODEGA JUCHITAN","30820","VERSA ADVANCE T/M 1.6 LTS 118 HP","NISSAN","GRIS /NEGRO","2026","3N1CN9AG1TL840720","JUCHITAN",0,"",84,"4147494",29/05/2026,"PV3","(JUCHITAN) (# CONCS. : 00525), CANAL ASIG. : ALLOCAT - INDEFINIDO","HR16512006P","","VEMA7","","NACIONAL","","",332036.26,0.00,332036.26
"BODEGA JUCHITAN","30821","VERSA ADVANCE T/M 1.6 LTS 118 HP","NISSAN","AZUL ACERO/NEGRO","2026","3N1CN9AG4TL839108","JUCHITAN",0,"",84,"4147496",29/05/2026,"PV3","(JUCHITAN) (# CONCS. : 00525), CANAL ASIG. : ALLOCAT - INDEFINIDO","HR16509708P","","VEMA7","","NACIONAL","","",332036.26,0.00,332036.26
"BODEGA SALINA CRUZ","30826","VERSA ADVANCE T/M 1.6 LTS 118 HP","NISSAN","ROJO BURDEOS/NEGRO","2026","3N1CN9AG5TL839747","SALINA CRUZ",0,"",84,"4147497",29/05/2026,"PV3","(SALINA CRUZ) (# CONCS. : 00526), CANAL ASIG. : ALLOCAT - INDEFINIDO","HR16508181P","","VEMA7","","NACIONAL","","",332036.26,0.00,332036.26
"BODEGA SALINA CRUZ","30900","VERSA ADVANCE T/M 1.6 LTS 118 HP","NISSAN","PLATA/NEGRO","2026","3N1CN9AG1TL839891","SALINA CRUZ",0,"",82,"4149456",31/05/2026,"PV3","DISPONIBLE","HR16507729P","","VEMA7","","NACIONAL","","",332036.26,0.00,332036.26
"BODEGA ORIZABA","30964","VERSA ADVANCE T/M 1.6 LTS 118 HP","NISSAN","BLANCO PERLADO/NEGRO","2026","3N1CN9AG7TL841418","ORIZABA",0,"",73,"4152091",09/06/2026,"PV3","(ORIZABA), CANAL ASIG. : ALLOCAT - INDEFINIDO","HR16511727P","","VEMA7","","NACIONAL","","",332036.26,0.00,332036.26
"BODEGA TIERRABLANCA","30968","VERSA ADVANCE T/M 1.6 LTS 118 HP","NISSAN","BLANCO PERLADO/NEGRO","2026","3N1CN9AG8TL841332","TIERRA BLANCA",0,"",73,"4152092",09/06/2026,"PV3","(TIERRA BLANCA) (# CONCS. : 00410), CANAL ASIG. : ALLOCAT - INDEFINIDO","HR16511502P","","VEMA7","","NACIONAL","","",332036.26,0.00,332036.26
"BODEGA TIERRABLANCA","30969","VERSA ADVANCE T/M 1.6 LTS 118 HP","NISSAN","PLATA/NEGRO","2026","3N1CN9AGXTL839923","TIERRA BLANCA",0,"",73,"4152093",09/06/2026,"PV3","(TIERRA BLANCA) (# CONCS. : 00410), CANAL ASIG. : ALLOCAT - INDEFINIDO","HR16507927P","","VEMA7","","NACIONAL","","",332036.26,0.00,332036.26
"PEÑUELA","30972","VERSA ADVANCE T/M 1.6 LTS 118 HP","NISSAN","PLATA/NEGRO","2026","3N1CN9AG6TL840535","CORDOBA",0,"",73,"4152090",09/06/2026,"PV3","(CORDOBA) (# CONCS. : 00416), CANAL ASIG. : ALLOCAT - INDEFINIDO","HR16508490P","","VEMA7","","NACIONAL","","",332036.26,0.00,332036.26
"BODEGA ORIZABA","30985","VERSA ADVANCE T/M 1.6 LTS 118 HP","NISSAN","NEGRO/NEGRO CON AZUL","2026","3N1CN9AG1TL843472","ORIZABA",0,"",72,"4152860",10/06/2026,"PV3","DISPONIBLE","HR16515970P","","VEMA7","","NACIONAL","","",332036.26,0.00,332036.26
"BODEGA SALINA CRUZ","30999","VERSA ADVANCE T/M 1.6 LTS 118 HP","NISSAN","GRIS /NEGRO","2026","3N1CN9AG3TL838600","SALINA CRUZ",0,"",72,"4153064",10/06/2026,"PV3","(SALINA CRUZ) (# CONCS. : 00526), CANAL ASIG. : AVR/MAR - DIRECTA NMX","HR16508754P","","VEMA7","","NACIONAL","","",332036.26,0.00,332036.26
"PEÑUELA","31140","VERSA ADVANCE T/M 1.6 LTS 118 HP","NISSAN","AZUL COBALTO/NEGRO","2026","3N1CN9AG1TL843522","CORDOBA",0,"",60,"4158705",22/06/2026,"PV3","(CORDOBA) (# CONCS. : 00416), CANAL ASIG. : ALLOCAT - INDEFINIDO","HR16515913P","","VEMA7","","NACIONAL","","",332036.26,0.00,332036.26
"BODEGA TUXTEPEC","31141","VERSA ADVANCE T/M 1.6 LTS 118 HP","NISSAN","GRIS /NEGRO","2026","3N1CN9AG1TL843097","TUXTEPEC",0,"",60,"4158887",22/06/2026,"PV3","PORTA PLACAS","HR16514637P","","VEMA7","","NACIONAL","","",332036.26,0.00,332036.26
"BODEGA SALINA CRUZ","31147","VERSA ADVANCE T/M 1.6 LTS 118 HP","NISSAN","PLATA/NEGRO","2026","3N1CN9AG8TL843971","SALINA CRUZ",0,"",60,"4158888",22/06/2026,"PV3","(SALINA CRUZ) (# CONCS. : 00526), CANAL ASIG. : ALLOCAT - INDEFINIDO","HR16517077P","","VEMA7","","NACIONAL","","",332036.26,0.00,332036.26
"BODEGA TUXTEPEC","31257","VERSA ADVANCE T/M 1.6 LTS 118 HP","NISSAN","AZUL COBALTO/NEGRO","2026","3N1CN9AG4TL842008","TUXTEPEC",0,"",53,"4165363",29/06/2026,"PV3","PORTA PLACAS","HR16511307P","","VEMA7","","NACIONAL","","",332036.26,0.00,332036.26
"BODEGA TUXTEPEC","31258","VERSA ADVANCE T/M 1.6 LTS 118 HP","NISSAN","PLATA/NEGRO","2026","3N1CN9AG1TL849319","TUXTEPEC",0,"",53,"4165362",29/06/2026,"PV3","(TUXTEPEC) (# CONCS. : 00524), CANAL ASIG. : ALLOCAT - INDEFINIDO","HR16521464P","","VEMA7","","NACIONAL","","",332036.26,0.00,332036.26
"PEÑUELA","31283","VERSA ADVANCE T/M 1.6 LTS 118 HP","NISSAN","PLATA/NEGRO","2026","3N1CN9AG5TL850067","CORDOBA",0,"",52,"4166125",30/06/2026,"PV3","(CORDOBA) (# CONCS. : 00416), CANAL ASIG. : ALLOCAT - INDEFINIDO","HR16523001P","","VEMA7","","NACIONAL","","",332036.26,0.00,332036.26
"BODEGA TUXTEPEC","31628","VERSA ADVANCE T/M 1.6 LTS 118 HP","NISSAN","AZUL ACERO/NEGRO","2026","3N1CN9AG3TL856868","TUXTEPEC",0,"",16,"4182675",05/08/2026,"PV3","(TUXTEPEC) (# CONCS. : 00524), CANAL ASIG. : ALLOCAT - INDEFINIDO","HR16533215P","","VEMA7","","NACIONAL","","",332167.10,0.00,332167.10
"BODEGA JUCHITAN","31641","VERSA ADVANCE T/M 1.6 LTS 118 HP","NISSAN","ROJO BURDEOS/NEGRO","2026","3N1CN9AG8TL857045","JUCHITAN",0,"",16,"4182676",05/08/2026,"PV3","(JUCHITAN) (# CONCS. : 00525), CANAL ASIG. : ALLOCAT - INDEFINIDO","HR16530881P","","VEMA7","","NACIONAL","","",332167.10,0.00,332167.10
"BODEGA SALINA CRUZ","31647","VERSA ADVANCE T/M 1.6 LTS 118 HP","NISSAN","GRIS /NEGRO","2026","3N1CN9AG2TL856943","SALINA CRUZ",0,"",16,"4182674",05/08/2026,"PV3","(SALINA CRUZ) (# CONCS. : 00526), CANAL ASIG. : ALLOCAT - INDEFINIDO","HR16530861P","","VEMA7","","NACIONAL","","",332167.10,0.00,332167.10
"BODEGA CORDOBA","29507","VERSA SENSE T/M 1.6 LTS 118 HP","NISSAN","BLANCO PERLADO/NEGRO","2026","3N1CN9AG4TL817514","CORDOBA",0,"",178,"4098117",24/02/2026,"PCN","DEMO | FLOTILLA","HR16479650P","","VEMS7","","NACIONAL","","",299700.26,0.00,299700.26
"PEÑUELA","29976","VERSA SENSE T/M 1.6 LTS 118 HP","NISSAN","PLATA/NEGRO","2026","3N1CN9AG6TL822665","CORDOBA",0,"",150,"4116215",24/03/2026,"PV3","DISPONIBLE","HR16486167P","","VEMS7","","NACIONAL","","",299700.26,0.00,299700.26
"PEÑUELA","29977","VERSA SENSE T/M 1.6 LTS 118 HP","NISSAN","PLATA/NEGRO","2026","3N1CN9AG6TL826036","CORDOBA",0,"",150,"4116217",24/03/2026,"PV3","DISPONIBLE","HR16490027P","","VEMS7","","NACIONAL","","",299700.26,0.00,299700.26
"BODEGA JUCHITAN","30033","VERSA SENSE T/M 1.6 LTS 118 HP","NISSAN","PLATA/NEGRO","2026","3N1CN9AG6TL822620","JUCHITAN",0,"",150,"4116437",24/03/2026,"PV3","DISPONIBLE","HR16486195P","","VEMS7","","NACIONAL","","",299700.26,0.00,299700.26
"BODEGA SALINA CRUZ","30051","VERSA SENSE T/M 1.6 LTS 118 HP","NISSAN","PLATA/NEGRO","2026","3N1CN9AG4TL826830","SALINA CRUZ",0,"",150,"4116436",24/03/2026,"PV3","PORTAPLACAS NISSAN $ 1,130 + TAPETES RIGIDOS $ 1,340 + GANCHO CAJUELA P/BOLSAS $ 740","HR16489595P","","VEMS7","","NACIONAL","","",299700.26,0.00,299700.26
"BODEGA TIERRABLANCA","30347","VERSA SENSE T/M 1.6 LTS 118 HP","NISSAN","PLATA/NEGRO","2026","3N1CN9AG4TL832871","TIERRA BLANCA",0,"",119,"4129628",24/04/2026,"PV3","DISPONIBLE","HR16500063P","","VEMS7","","NACIONAL","","",299822.26,0.00,299822.26
"PEÑUELA","30444","VERSA SENSE T/M 1.6 LTS 118 HP","NISSAN","PLATA/NEGRO","2026","3N1CN9AG0TL833578","CORDOBA",0,"",113,"4134022",30/04/2026,"PV3","DISPONIBLE","HR16498571P","","VEMS7","","NACIONAL","","",299822.26,0.00,299822.26
"BODEGA JUCHITAN","30459","VERSA SENSE T/M 1.6 LTS 118 HP","NISSAN","PLATA/NEGRO","2026","3N1CN9AG9TL833501","JUCHITAN",0,"",113,"4134118",30/04/2026,"PV3","(JUCHITAN) (# CONCS. : 00525), CANAL ASIG. : ALLOCAT - INDEFINIDO","HR16498558P","","VEMS7","","NACIONAL","","",299822.26,0.00,299822.26
"BODEGA JUCHITAN","30562","VERSA SENSE T/M 1.6 LTS 118 HP","NISSAN","BLANCO PERLADO/NEGRO","2026","3N1CN9AGXTL834625","JUCHITAN",0,"",98,"4139121",15/05/2026,"PV3","DISPONIBLE","HR16500182P","","VEMS7","","NACIONAL","","",299822.26,0.00,299822.26
"BODEGA SALINA CRUZ","30602","VERSA SENSE T/M 1.6 LTS 118 HP","NISSAN","BLANCO PERLADO/NEGRO","2026","3N1CN9AGXTL837332","SALINA CRUZ",0,"",95,"4139965",18/05/2026,"PV3","DISPONIBLE","HR16507368P","","VEMS7","","NACIONAL","","",299822.26,0.00,299822.26
"PEÑUELA","30810","VERSA SENSE T/M 1.6 LTS 118 HP","NISSAN","PLATA/NEGRO","2026","3N1CN9AG4TL839528","CORDOBA",0,"",84,"4147226",29/05/2026,"PV3","(CORDOBA) (# CONCS. : 00416), CANAL ASIG. : ALLOCAT - INDEFINIDO","HR16510024P","","VEMS7","","NACIONAL","","",299822.26,0.00,299822.26
"BODEGA JUCHITAN","30823","VERSA SENSE T/M 1.6 LTS 118 HP","NISSAN","BLANCO PERLADO/NEGRO","2026","3N1CN9AG9TL839881","JUCHITAN",0,"",84,"4146297",29/05/2026,"PV3","(JUCHITAN) (# CONCS. : 00525), CANAL ASIG. : ALLOCAT - INDEFINIDO","HR16508741P","","VEMS7","","NACIONAL","","",299822.26,0.00,299822.26
"BODEGA SALINA CRUZ","31019","VERSA SENSE T/M 1.6 LTS 118 HP","NISSAN","BLANCO PERLADO/NEGRO","2026","3N1CN9AG8TL844022","SALINA CRUZ",0,"",70,"4154004",12/06/2026,"PV3","(SALINA CRUZ) (# CONCS. : 00526), CANAL ASIG. : ALLOCAT - INDEFINIDO","HR16517048P","","VEMS7","","NACIONAL","","",299822.26,0.00,299822.26
"BODEGA TUXTEPEC","31023","VERSA SENSE T/M 1.6 LTS 118 HP","NISSAN","BLANCO PERLADO/NEGRO","2026","3N1CN9AG4TL842672","TUXTEPEC",0,"",69,"4154399",13/06/2026,"PV3","(TUXTEPEC) (# CONCS. : 00524), CANAL ASIG. : ALLOCAT - INDEFINIDO","HR16514664P","","VEMS7","","NACIONAL","","",299822.26,0.00,299822.26
"BODEGA TIERRABLANCA","31195","VERSA SENSE T/M 1.6 LTS 118 HP","NISSAN","PLATA/NEGRO","2026","3N1CN9AGXTL848766","TIERRA BLANCA",0,"",56,"4161976",26/06/2026,"PV3","(TIERRA BLANCA) (# CONCS. : 00410), CANAL ASIG. : ALLOCAT - INDEFINIDO","HR16522581P","","VEMS7","","NACIONAL","","",299822.26,0.00,299822.26
"BODEGA TUXTEPEC","31465","VERSA SENSE T/M 1.6 LTS 118 HP","NISSAN","PLATA/NEGRO","2026","3N1CN9AG8TL854176","TUXTEPEC",0,"",24,"4177169",28/07/2026,"PV3","(TUXTEPEC) (# CONCS. : 00524), CANAL ASIG. : ALLOCAT - INDEFINIDO","HR16530137P","","VEMS7","","NACIONAL","","",299822.26,0.00,299822.26
"BODEGA SALINA CRUZ","31474","VERSA SENSE T/M 1.6 LTS 118 HP","NISSAN","PLATA/NEGRO","2026","3N1CN9AG9TL850525","SALINA CRUZ",0,"",24,"4177170",28/07/2026,"PV3","(SALINA CRUZ) (# CONCS. : 00526), CANAL ASIG. : ALLOCAT - INDEFINIDO","HR16523362P","","VEMS7","","NACIONAL","","",299822.26,0.00,299822.26
"BODEGA CORDOBA","31554","VERSA SENSE T/M 1.6 LTS 118 HP","NISSAN","BLANCO PERLADO/NEGRO","2026","3N1CN9AG3TL856188","CORDOBA",0,"",21,"4180973",31/07/2026,"PV3","DISPONIBLE | FISICO EN HUATUSCO","HR16531150P","","VEMS7","","NACIONAL","","",299822.26,0.00,299822.26
"BODEGA ORIZABA","31609","VERSA SENSE T/M 1.6 LTS 118 HP","NISSAN","BLANCO PERLADO/NEGRO","2026","3N1CN9AG0TL856018","ORIZABA",0,"",16,"4182575",05/08/2026,"PV3","(ORIZABA), CANAL ASIG. : ALLOCAT - INDEFINIDO","HR16532124P","","VEMS7","","NACIONAL","","",299953.10,0.00,299953.10
"BODEGA ORIZABA","31745","VERSA SENSE T/M 1.6 LTS 118 HP","NISSAN","ROJO BURDEOS/NEGRO","2026","3N1CN9AG4TL855468","ORIZABA",0,"",7,"4187161",14/08/2026,"PV3","(ORIZABA), CANAL ASIG. : AVR - DISTR. EN WEB","HR16529224P","","VEMS7","","NACIONAL","","",299953.10,0.00,299953.10
"BODEGA ORIZABA","31746","VERSA SENSE T/M 1.6 LTS 118 HP","NISSAN","ROJO BURDEOS/NEGRO","2026","3N1CN9AG9TL855367","ORIZABA",0,"",7,"4187163",14/08/2026,"PV3","(ORIZABA), CANAL ASIG. : AVR - DISTR. EN WEB","HR16529747P","","VEMS7","","NACIONAL","","",299953.10,0.00,299953.10
"PEÑUELA","31750","VERSA SENSE T/M 1.6 LTS 118 HP","NISSAN","ROJO BURDEOS/NEGRO","2026","3N1CN9AG9TL855143","CORDOBA",0,"",7,"4187162",14/08/2026,"PV3","(CORDOBA) (# CONCS. : 00416), CANAL ASIG. : AVR - DISTR. EN WEB","HR16532781P","","VEMS7","","NACIONAL","","",299953.10,0.00,299953.10
"EN TRANSITO","31753","VERSA SENSE T/M 1.6 LTS 118 HP","NISSAN","ROJO BURDEOS/NEGRO","2026","3N1CN9AG0TL857346","TUXTEPEC",0,"SIRENIA DIAZ LAVALLE",7,"4187238",14/08/2026,"PV3","21/08/26 524 SAMUEL LOPEZ RAMOS","HR16532748P","","VEMS7","","NACIONAL","","",299953.10,0.00,299953.10
"EN TRANSITO","31754","VERSA SENSE T/M 1.6 LTS 118 HP","NISSAN","ROJO BURDEOS/NEGRO","2026","3N1CN9AG1TL857341","TUXTEPEC",0,"",7,"4187239",14/08/2026,"PV3","(TUXTEPEC) (# CONCS. : 00524), CANAL ASIG. : AVR - DISTR. EN WEB","HR16532733P","","VEMS7","","NACIONAL","","",299953.10,0.00,299953.10
"EN TRANSITO","31757","VERSA SENSE T/M 1.6 LTS 118 HP","NISSAN","ROJO BURDEOS/NEGRO","2026","3N1CN9AGXTL857340","JUCHITAN",0,"",7,"4187241",14/08/2026,"PV3","(JUCHITAN) (# CONCS. : 00525), CANAL ASIG. : AVR - DISTR. EN WEB","HR16532406P","","VEMS7","","NACIONAL","","",299953.10,0.00,299953.10
"BODEGA ORIZABA","30860","X-TRAIL ADVANCE CVT 2.5LTS 2 ROW","NISSAN","GRIS VOLCANICO/NEGRO","2027","JN8AT3MT3VW102094","ORIZABA",0,"",82,"6390870",31/05/2026,"PV6","(ORIZABA), CANAL ASIG. : ALLOCAT - INDEFINIDO","PR25748828F","","X2CA1","","IMPORTADO","","",456949.26,0.00,456949.26
"BODEGA ORIZABA","30861","X-TRAIL ADVANCE CVT 2.5LTS 2 ROW","NISSAN","ROJO BURDEOS/NEGRO","2027","JN8AT3MT6VW101585","ORIZABA",0,"",82,"6397660",31/05/2026,"PV6","ORG DE CAJUELA + TAPETE","PR25745576F","","X2CA1","","IMPORTADO","","",456949.26,4894.66,461843.92
"PEÑUELA","30882","X-TRAIL ADVANCE CVT 2.5LTS 2 ROW","NISSAN","GRIS VOLCANICO/NEGRO","2027","JN8AT3MTXVW101105","CORDOBA",0,"",82,"6397680",31/05/2026,"PV6","(CORDOBA) (# CONCS. : 00416), CANAL ASIG. : ALLOCAT - INDEFINIDO","PR25745097F","","X2CA1","","IMPORTADO","","",456949.26,0.00,456949.26
"BODEGA SALINA CRUZ","30902","X-TRAIL ADVANCE CVT 2.5LTS 2 ROW","NISSAN","ROJO BURDEOS/NEGRO","2027","JN8AT3MT7VW101451","SALINA CRUZ",0,"",82,"6398140",31/05/2026,"PV6","(SALINA CRUZ) (# CONCS. : 00526), CANAL ASIG. : AVR/MAR - DIRECTA NMX","PR25744647F","","X2CA1","","IMPORTADO","","",456949.26,0.00,456949.26
"BODEGA JUCHITAN","31050","X-TRAIL ADVANCE CVT 2.5LTS 2 ROW","NISSAN","ROJO BURDEOS/NEGRO","2027","JN8AT3MT7VW102549","JUCHITAN",0,"",67,"6407170",15/06/2026,"PV6","(JUCHITAN) (# CONCS. : 00525), CANAL ASIG. : ALLOCAT - INDEFINIDO","PR25749026F","","X2CA1","","IMPORTADO","","",456949.26,0.00,456949.26
"BODEGA JUCHITAN","31533","X-TRAIL ADVANCE CVT 2.5LTS 2 ROW","NISSAN","ARENA/NEGRO","2027","JN8AT3MTXVW105994","JUCHITAN",0,"",22,"6519100",30/07/2026,"PV6","19/08/26 FLOTA RIVERA MARCELO FERNANDO | TOMA DE INVENTARIO","PR25760429F","","X2CA1","","IMPORTADO","","",456949.26,0.00,456949.26
"BODEGA TUXTEPEC","30012","XTRAIL ADVANCE 2 ROW","NISSAN","GRIS OXFORD/NEGRO","2026","JN8AT3MTXTW071875","TUXTEPEC",0,"",150,"6222900",24/03/2026,"PV6","LODERAS TRASERAS, PORTAPLACA, CENICERO CON LUZ","PR25721165F","","X2CA3","","IMPORTADO","","",508517.70,0.00,508517.70
"BODEGA JUCHITAN","30038","XTRAIL ADVANCE 2 ROW","NISSAN","GRIS OXFORD/NEGRO","2026","JN8AT3MT4TW071659","JUCHITAN",1,"SAMUEL CASANOVA VELA",150,"6222890",24/03/2026,"PV6","20/08/26 525 HÉCTOR GÓMEZ RODRIGUEZ","PR25719602F","","X2CA3","","IMPORTADO","","",508517.70,0.00,508517.70
"BODEGA SALINA CRUZ","30089","XTRAIL ADVANCE 2 ROW","NISSAN","GRIS VOLCANICO/NEGRO","2026","JN8AT3MTXTW072184","SALINA CRUZ",0,"",149,"6228070",25/03/2026,"PV6","PORTAPLACA  Y CENICERO CON LUZ","PR25717319F","","X2CA3","","IMPORTADO","","",508517.70,0.00,508517.70
"BODEGA JUCHITAN","30104","XTRAIL ADVANCE 2 ROW","NISSAN","GRIS OXFORD/NEGRO","2026","JN8AT3MT4TW073752","JUCHITAN",0,"",148,"6230440",26/03/2026,"PV6","DISPONIBLE | EXHIBIDA EN MATIAS ROMERO","PR25727450F","","X2CA3","","IMPORTADO","","",508517.70,0.00,508517.70
"BODEGA SALINA CRUZ","30109","XTRAIL ADVANCE 2 ROW","NISSAN","GRIS OXFORD/NEGRO","2026","JN8AT3MT2TW072020","SALINA CRUZ",0,"",148,"6230430",26/03/2026,"PV6","(SALINA CRUZ) (# CONCS. : 00526), CANAL ASIG. : AVR/MAR - DIRECTA NMX","PR25721943F","","X2CA3","","IMPORTADO","","",508517.70,0.00,508517.70
"BODEGA ORIZABA","30125","XTRAIL ADVANCE 2 ROW","NISSAN","GRIS OXFORD/NEGRO","2026","JN8AT3MT3TW073712","ORIZABA",0,"",147,"6232440",27/03/2026,"PV6","DISPONIBLE","PR25727371F","","X2CA3","","IMPORTADO","","",508517.70,0.00,508517.70
"BODEGA ORIZABA","30134","XTRAIL ADVANCE 2 ROW","NISSAN","ROJO BURDEOS/NEGRO","2026","JN8AT3MT2TW072440","ORIZABA",0,"",147,"6233500",27/03/2026,"PV6","ORG DE CAJUELA + TAPETE","PR25723388F","","X2CA3","","IMPORTADO","","",508517.70,4894.66,513412.36
"PEÑUELA","30180","XTRAIL ADVANCE 2 ROW","NISSAN","GRIS OXFORD/NEGRO","2026","JN8AT3MT2TW072082","CORDOBA",0,"",144,"6240100",30/03/2026,"PV6","(CORDOBA) (# CONCS. : 00416), CANAL ASIG. : AVR/MAR - DIRECTA NMX","PR25721125F","","X2CA3","","IMPORTADO","","",508517.70,0.00,508517.70
"BODEGA TUXTEPEC","30184","XTRAIL ADVANCE 2 ROW","NISSAN","AZUL IMPERIAL/NEGRO","2026","JN8AT3MT9TW073374","TUXTEPEC",0,"",144,"6240640",30/03/2026,"PV6","PORTAPLACA","PR25726691F","","X2CA3","","IMPORTADO","","",508517.70,0.00,508517.70
"BODEGA TUXTEPEC","30185","XTRAIL ADVANCE 2 ROW","NISSAN","GRIS OXFORD/NEGRO","2026","JN8AT3MT1TW071778","TUXTEPEC",0,"",144,"6240630",30/03/2026,"PV6","PORTAPLACA","PR25720714F","","X2CA3","","IMPORTADO","","",508517.70,0.00,508517.70
"BODEGA ORIZABA","30247","XTRAIL ADVANCE 2 ROW","NISSAN","GRIS VOLCANICO/NEGRO","2026","JN8AT3MT2TW070770","ORIZABA",0,"",143,"6258060",31/03/2026,"PV6","UNIDAD ROTULADA EN EXHIBICION - SALA","PR25716639F","","X2CA3","","IMPORTADO","","",508517.70,137.84,508655.54
"BODEGA TIERRABLANCA","30250","XTRAIL ADVANCE 2 ROW","NISSAN","AZUL IMPERIAL/NEGRO","2026","JN8AT3MTXTW073982","TIERRA BLANCA",0,"",143,"6258070",31/03/2026,"PV6","(TIERRA BLANCA) (# CONCS. : 00410), CANAL ASIG. : AVR/MAR - DIRECTA NMX","PR25727867F","","X2CA3","","IMPORTADO","","",508517.70,0.00,508517.70
"BODEGA TUXTEPEC","30253","XTRAIL ADVANCE 2 ROW","NISSAN","AZUL IMPERIAL/NEGRO","2026","JN8AT3MT8TW071826","TUXTEPEC",0,"",143,"6258210",31/03/2026,"PV6","LAMPARA, LODERAS FRONTAL, LODERAS TRASERA, TAPETES USO RUDO","PR25720951F","","X2CA3","","IMPORTADO","","",508517.70,0.00,508517.70
"BODEGA TUXTEPEC","30233","XTRAIL E-POWER PLATINUM 2 ROW","NISSAN","GRIS VOLCANICO BITONO/NEGRO","2026","JN8CT3MT7TW012260","TUXTEPEC",0,"",143,"6256770",31/03/2026,"PDE","DEMO | TUXTEPEC 31/03/26","KR15430380C","","X2CAX","","IMPORTADO","","",734931.69,24287.72,759219.41
"BODEGA ORIZABA","30245","XTRAIL E-POWER PLATINUM 2 ROW","NISSAN","BLANCO SATINADO BITONO/NEGRO","2026","JN8CT3MT8TW012574","ORIZABA",0,"",143,"6255860",31/03/2026,"PDE","DEMO | ORIZABA 31/03/26 | BARRAS TECHO, LODERAS DEL Y TRAS, PORTAPLACAS, PORTAEQ,TAPETES USO RUDO","KR15437736C","","X2CAX","","IMPORTADO","","",734931.69,23181.16,758112.85
"BODEGA CORDOBA","30258","XTRAIL E-POWER PLATINUM 2 ROW","NISSAN","BLANCO SATINADO BITONO/NEGRO","2026","JN8CT3MT1TW012366","CORDOBA",0,"",143,"6258080",31/03/2026,"PDE","DEMO | CORDOBA 31/03/26","KR15432056C","","X2CAX","","IMPORTADO","","",734931.69,0.00,734931.69
"BODEGA TIERRABLANCA","30749","XTRAIL E-POWER E-4ORCE PLATINUM 2 ROW","NISSAN","AZUL MEDITERRANEO BITONO/NEGRO","2027","JN8DT3MW9VW000192","TIERRA BLANCA",0,"",85,"6376530",28/05/2026,"PV6","(TIERRA BLANCA) (# CONCS. : 00410), CANAL ASIG. : ALLOCAT - INDEFINIDO","KR15504856A","","X2CAX","","IMPORTADO","","",687259.68,0.00,687259.68
"EN TRANSITO","31048","XTRAIL E-POWER E-4ORCE PLATINUM 2 ROW","NISSAN","AZUL MEDITERRANEO BITONO/NEGRO","2027","JN8DT3MW1VW000350","TUXTEPEC",0,"",67,"6407180",15/06/2026,"PDE","DEMO | TUXTEPEC 16 JUN 26","KR15511547A","","X2CAX","","IMPORTADO","","",687259.68,0.00,687259.68
"BODEGA JUCHITAN","31051","XTRAIL E-POWER E-4ORCE PLATINUM 2 ROW","NISSAN","GRIS VOLCANICO BITONO/NEGRO","2027","JN8DT3MW6VW000375","JUCHITAN",0,"",67,"6407190",15/06/2026,"PV6","(JUCHITAN) (# CONCS. : 00525), CANAL ASIG. : ALLOCAT - INDEFINIDO","KR15512039A","","X2CAX","","IMPORTADO","","",687259.68,0.00,687259.68
"EN TRANSITO","31062","XTRAIL E-POWER E-4ORCE PLATINUM 2 ROW","NISSAN","AZUL MEDITERRANEO BITONO/NEGRO","2027","JN8DT3MW7VW000336","CORDOBA",0,"",66,"6407670",16/06/2026,"PDE","DEMO | CORDOBA 16 JUNIO 26","KR15510973A","","X2CAX","","IMPORTADO","","",687259.68,0.00,687259.68
"BODEGA TUXTEPEC","31156","XTRAIL E-POWER E-4ORCE PLATINUM 2 ROW","NISSAN","BLANCO SATINADO/NEGRO","2027","JN8DT3MW4VW000388","TUXTEPEC",0,"",59,"6418860",23/06/2026,"PV6","(TUXTEPEC) (# CONCS. : 00524), CANAL ASIG. : ALLOCAT - INDEFINIDO","KR15512488A","","X2CAX","","IMPORTADO","","",687259.68,0.00,687259.68
"BODEGA ORIZABA","31319","X-TRAIL EXCLUSIVE E-POWER E-4ORCE 2 ROW","NISSAN","GRIS OXFORD/NEGRO","2027","JN8CT3MT5VW100291","ORIZABA",0,"",46,"6463880",06/07/2026,"PV6","DISPONIBLE","KR15516585A","","X2CH1-9","","IMPORTADO","","",574983.77,132.84,575116.61
"BODEGA SALINA CRUZ","31020","XTRAIL PLATINUM  2 ROW CVT 2.5LTS","NISSAN","ARENA/NEGRO","2027","JN8AT3MTXVW102688","SALINA CRUZ",0,"",70,"6406220",12/06/2026,"PV6","(SALINA CRUZ) (# CONCS. : 00526), CANAL ASIG. : ALLOCAT - INDEFINIDO","PR25751377F","","X2CP3","","IMPORTADO","","",540303.76,0.00,540303.76
"BODEGA JUCHITAN","31145","XTRAIL PLATINUM  2 ROW CVT 2.5LTS","NISSAN","GRIS VOLCANICO/NEGRO","2027","JN8AT3MT9VW103685","JUCHITAN",0,"",60,"6415660",22/06/2026,"PV6","DISPONIBLE","PR25753710F","","X2CP3","","IMPORTADO","","",540303.76,0.00,540303.76
"BODEGA ORIZABA","31221","XTRAIL PLATINUM  2 ROW CVT 2.5LTS","NISSAN","GRIS VOLCANICO BITONO/NEGRO","2027","JN8AT3MT7VW104172","ORIZABA",0,"",54,"6439800",28/06/2026,"PV6","(ORIZABA), CANAL ASIG. : ALLOCAT - INDEFINIDO","PR25751321F","","X2CP3","","IMPORTADO","","",540303.76,0.00,540303.76
"PEÑUELA","31225","XTRAIL PLATINUM  2 ROW CVT 2.5LTS","NISSAN","ROJO BURDEOS/NEGRO","2027","JN8AT3MT6VW104700","CORDOBA",0,"",55,"6435840",27/06/2026,"PV6","(CORDOBA) (# CONCS. : 00416), CANAL ASIG. : ALLOCAT - INDEFINIDO","PR25757063F","","X2CP3","","IMPORTADO","","",540303.76,0.00,540303.76
"BODEGA TUXTEPEC","31234","XTRAIL PLATINUM  2 ROW CVT 2.5LTS","NISSAN","GRIS OXFORD/NEGRO","2027","JN8AT3MT7VW104169","TUXTEPEC",1,"FLAVIA BAUTISTA SARM",55,"6437070",27/06/2026,"PV6","20/08/26 416 MISURI ARELI LOZANO ROSALES | PORTAPLACA, CENICERO CON LUZ","PR25751307F","","X2CP3","","IMPORTADO","","",540303.76,0.00,540303.76
"BODEGA TUXTEPEC","31469","XTRAIL PLATINUM  2 ROW CVT 2.5LTS","NISSAN","GRIS VOLCANICO BITONO/NEGRO","2027","JN8AT3MT9VW105677","TUXTEPEC",0,"",24,"6514480",28/07/2026,"PV6","(TUXTEPEC) (# CONCS. : 00524), CANAL ASIG. : ALLOCAT - INDEFINIDO","PR25759838F","","X2CP3","","IMPORTADO","","",540303.76,0.00,540303.76
"EN TRANSITO","30608","XTRAIL PLATINUM PLUS 2 ROW 2.5LTS 2 ROW","NISSAN","ARENA BITONO/NEGRO","2027","JN8AT3MT8VW100597","TIERRA BLANCA",0,"",94,"6335450",19/05/2026,"PDE","DEMO | TIERRA BLANCA 20 MAY 26","PR25743822F","","X3CE2-1","","IMPORTADO","","",586481.26,0.00,586481.26
"EN TRANSITO","30615","XTRAIL PLATINUM PLUS 2 ROW 2.5LTS 2 ROW","NISSAN","ARENA BITONO/NEGRO","2027","JN8AT3MTXVW100214","TUXTEPEC",0,"",94,"6335730",19/05/2026,"PDE","DEMO | TUXTEPEC 20 MAY 26","PR25741735F","","X3CE2-1","","IMPORTADO","","",586481.26,0.00,586481.26
"BODEGA JUCHITAN","30618","XTRAIL PLATINUM PLUS 2 ROW 2.5LTS 2 ROW","NISSAN","ARENA BITONO/NEGRO","2027","JN8AT3MT5VW100198","JUCHITAN",0,"",94,"6335720",19/05/2026,"PDE","DEMO | 20 MAY 26 | TAPETS USORUDO,PORTAPLACA,PORTAEQ,LODERAS FRON Y TRAS,BARRAS TECHO","PR25742259F","","X3CE2-1","","IMPORTADO","","",586481.26,0.00,586481.26
"EN TRANSITO","30620","XTRAIL PLATINUM PLUS 2 ROW 2.5LTS 2 ROW","NISSAN","ARENA BITONO/NEGRO","2027","JN8AT3MT3VW100183","SALINA CRUZ",0,"",94,"6335710",19/05/2026,"PDE","DEMO | SALINA CRUZ 20 MAY 26","PR25742794F","","X3CE2-1","","IMPORTADO","","",586481.26,0.00,586481.26
"EN TRANSITO","30628","XTRAIL PLATINUM PLUS 2 ROW 2.5LTS 2 ROW","NISSAN","ARENA BITONO/NEGRO","2027","JN8AT3MT5VW100587","ORIZABA",0,"",93,"6337720",20/05/2026,"PDE","DEMO | BARRAS+LODERAS+TAPETES+PORTA PLACA","PR25743826F","","X3CE2-1","","IMPORTADO","","",586481.26,11135.98,597617.24
"EN TRANSITO","30640","XTRAIL PLATINUM PLUS 2 ROW 2.5LTS 2 ROW","NISSAN","ARENA BITONO/NEGRO","2027","JN8AT3MT3VW100152","CORDOBA",0,"",93,"6337710",20/05/2026,"PDE","DEMO | CORDOBA 21 MAY 26 | TAPETES HULE,PORTAPLACAS,PORTAEQ,LODERAS DEL Y TRAS,BARRAS TECHO","PR25742768F","","X3CE2-1","","IMPORTADO","","",586481.26,0.00,586481.26
"BODEGA ORIZABA","30745","XTRAIL PLATINUM PLUS 2 ROW 2.5LTS 2 ROW","NISSAN","BLANCO SATINADO/NEGRO","2027","JN8AT3MT0VW101047","ORIZABA",0,"",85,"6371890",28/05/2026,"PV6","(ORIZABA), CANAL ASIG. : ALLOCAT - INDEFINIDO","PR25745704F","","X3CE2-1","","IMPORTADO","","",586481.26,0.00,586481.26
"BODEGA ORIZABA","30746","XTRAIL PLATINUM PLUS 2 ROW 2.5LTS 2 ROW","NISSAN","GRIS VOLCANICO BITONO/NEGRO","2027","JN8AT3MT9VW101466","ORIZABA",0,"",85,"6371900",28/05/2026,"PV6","(ORIZABA), CANAL ASIG. : ALLOCAT - INDEFINIDO","PR25745009F","","X3CE2-1","","IMPORTADO","","",586481.26,0.00,586481.26
"BODEGA TUXTEPEC","30769","XTRAIL PLATINUM PLUS 2 ROW 2.5LTS 2 ROW","NISSAN","GRIS VOLCANICO/NEGRO","2027","JN8AT3MT8VW102186","TUXTEPEC",0,"",85,"6372310",28/05/2026,"PV6","PORTAPLACA","PR25749194F","","X3CE2-1","","IMPORTADO","","",586481.26,0.00,586481.26
"BODEGA JUCHITAN","30898","XTRAIL PLATINUM PLUS 2 ROW 2.5LTS 2 ROW","NISSAN","GRIS VOLCANICO/NEGRO","2027","JN8AT3MT2VW102037","JUCHITAN",0,"",82,"6395250",31/05/2026,"PV6","DISPONIBLE","PR25747323F","","X3CE2-1","","IMPORTADO","","",586481.26,0.00,586481.26
"BODEGA SALINA CRUZ","31244","XTRAIL PLATINUM PLUS 2 ROW 2.5LTS 2 ROW","NISSAN","ROJO BURDEOS/NEGRO","2027","JN8AT3MTXVW105123","SALINA CRUZ",0,"",55,"6437090",27/06/2026,"PV6","(SALINA CRUZ) (# CONCS. : 00526), CANAL ASIG. : ALLOCAT - INDEFINIDO","PR25758933F","","X3CE2-1","","IMPORTADO","","",586481.26,0.00,586481.26
"BODEGA JUCHITAN","31676","XTRAIL PLATINUM PLUS 2 ROW 2.5LTS 2 ROW","NISSAN","BLANCO SATINADO BITONO/ NEGRO","2027","JN8AT3MT8VW105296","JUCHITAN",0,"",13,"6537390",08/08/2026,"PV6","(JUCHITAN) (# CONCS. : 00525), CANAL ASIG. : ALLOCAT - INDEFINIDO","PR25758319F","","X3CE2-1","","IMPORTADO","","",586614.10,0.00,586614.10
"BODEGA TUXTEPEC","31682","XTRAIL PLATINUM PLUS 2 ROW 2.5LTS 2 ROW","NISSAN","BLANCO SATINADO BITONO/ NEGRO","2027","JN8AT3MT0VW105325","TUXTEPEC",0,"",13,"6537370",08/08/2026,"PV6","(TUXTEPEC) (# CONCS. : 00524), CANAL ASIG. : ALLOCAT - INDEFINIDO","PR25758586F","","X3CE2-1","","IMPORTADO","","",586614.10,0.00,586614.10
"BODEGA TUXTEPEC","31683","XTRAIL PLATINUM PLUS 2 ROW 2.5LTS 2 ROW","NISSAN","GRIS VOLCANICO BITONO/NEGRO","2027","JN8AT3MT4VW105375","TUXTEPEC",0,"",13,"6537380",08/08/2026,"PV6","(TUXTEPEC) (# CONCS. : 00524), CANAL ASIG. : ALLOCAT - INDEFINIDO","PR25758543F","","X3CE2-1","","IMPORTADO","","",586614.10,0.00,586614.10
"BODEGA CORDOBA","27849","XTRAIL E-POWER PLATINUM","NISSAN","ROJO BURDEOS/ GRIS","2026","JN8CT3MT7TW011836","CORDOBA",0,"",282,"5993320",12/11/2025,"PV6","DISPONIBLE | EN SALA SAN NICOLAS","KR15414632C","","XECP2","","IMPORTADO","","",734794.92,0.00,734794.92
"BODEGA JUCHITAN","30103","XTRAIL EXCLUSIVE 2 ROW","NISSAN","BLANCO PERLADO/NEGRO","2026","JN8AT3MT6TW074028","JUCHITAN",0,"",148,"6230450",26/03/2026,"PV6","TAPETE INT | PORTACEL | CAJA HERRAMIENTAS | PORTAPLACA | ESTRIBOS NO ILUMINADOS","PR25727555F","","XTCG5-1","","IMPORTADO","","",541502.07,0.00,541502.07
"BODEGA ORIZABA","30725","XTRAIL EXCLUSIVE CVT 2.5LTS 2 ROW","NISSAN","GRIS VOLCANICO/NEGRO","2027","JN8AT3MT1VW100103","ORIZABA",0,"",86,"6367300",27/05/2026,"PV6","TAPETE + LODERAS","PR25736952F","","XTCG5-1","","IMPORTADO","","",488849.85,1605.45,490455.30
"PEÑUELA","30727","XTRAIL EXCLUSIVE CVT 2.5LTS 2 ROW","NISSAN","BLANCO SATINADO/NEGRO","2027","JN8AT3MT0VW101713","CORDOBA",0,"",86,"6367290",27/05/2026,"PV6","(CORDOBA) (# CONCS. : 00416), CANAL ASIG. : AVR/MAR - DIRECTA NMX","PR25745990F","","XTCG5-1","","IMPORTADO","","",488849.85,0.00,488849.85
"PEÑUELA","30881","XTRAIL EXCLUSIVE CVT 2.5LTS 2 ROW","NISSAN","ARENA/NEGRO","2027","JN8AT3MT3VW100524","CORDOBA",0,"",82,"6394880",31/05/2026,"PV6","(CORDOBA) (# CONCS. : 00416), CANAL ASIG. : ALLOCAT - INDEFINIDO","PR25743680F","","XTCG5-1","","IMPORTADO","","",488849.85,0.00,488849.85
"PEÑUELA","31121","XTRAIL EXCLUSIVE CVT 2.5LTS 2 ROW","NISSAN","ROJO BURDEOS/NEGRO","2027","JN8AT3MT1VW102904","CORDOBA",0,"",63,"6411040",19/06/2026,"PV6","(CORDOBA) (# CONCS. : 00416), CANAL ASIG. : ALLOCAT - INDEFINIDO","PR25752226F","","XTCG5-1","","IMPORTADO","","",488849.85,0.00,488849.85
"BODEGA TUXTEPEC","31124","XTRAIL EXCLUSIVE CVT 2.5LTS 2 ROW","NISSAN","GRIS VOLCANICO/NEGRO","2027","JN8AT3MTXVW103307","TUXTEPEC",0,"",63,"6411770",19/06/2026,"PV6","PORTAPLACA, CENICERO CON LUZ","PR25749567F","","XTCG5-1","","IMPORTADO","","",488849.85,0.00,488849.85
"BODEGA ORIZABA","31137","XTRAIL EXCLUSIVE CVT 2.5LTS 2 ROW","NISSAN","BLANCO SATINADO/NEGRO","2027","JN8AT3MT1VW103843","ORIZABA",0,"",60,"6415160",22/06/2026,"PV6","BARRAS DE TECHO + TAPETES","PR25754646F","","XTCG5-1","","IMPORTADO","","",488849.85,9226.71,498076.56
"BODEGA TUXTEPEC","31138","XTRAIL EXCLUSIVE CVT 2.5LTS 2 ROW","NISSAN","ROJO BURDEOS/NEGRO","2027","JN8AT3MT1VW103535","TUXTEPEC",0,"",60,"6415150",22/06/2026,"PV6","PORTAPLACA","PR25752233F","","XTCG5-1","","IMPORTADO","","",488849.85,0.00,488849.85
"BODEGA SALINA CRUZ","31148","XTRAIL EXCLUSIVE CVT 2.5LTS 2 ROW","NISSAN","GRIS OXFORD/NEGRO","2027","JN8AT3MT7VW103569","SALINA CRUZ",0,"",60,"6415640",22/06/2026,"PV6","PORTAPLACA Y CENICERO CON LUZ","PR25753368F","","XTCG5-1","","IMPORTADO","","",488849.85,0.00,488849.85
"BODEGA SALINA CRUZ","31149","XTRAIL EXCLUSIVE CVT 2.5LTS 2 ROW","NISSAN","ROJO BURDEOS/NEGRO","2027","JN8AT3MT9VW103802","SALINA CRUZ",0,"",60,"6415650",22/06/2026,"PV6","PORTAPLACA Y CENICERO CON LUZ","PR25754843F","","XTCG5-1","","IMPORTADO","","",488849.85,0.00,488849.85
"BODEGA ORIZABA","31218","XTRAIL EXCLUSIVE CVT 2.5LTS 2 ROW","NISSAN","ARENA/NEGRO","2027","JN8AT3MT3VW105044","ORIZABA",0,"",55,"6435820",27/06/2026,"PV6","(ORIZABA), CANAL ASIG. : ALLOCAT - INDEFINIDO","PR25758003F","","XTCG5-1","","IMPORTADO","","",488849.85,0.00,488849.85
"BODEGA ORIZABA","31219","XTRAIL EXCLUSIVE CVT 2.5LTS 2 ROW","NISSAN","GRIS VOLCANICO/NEGRO","2027","JN8AT3MT2VW104788","ORIZABA",0,"",55,"6435810",27/06/2026,"PV6","(ORIZABA), CANAL ASIG. : ALLOCAT - INDEFINIDO","PR25757664F","","XTCG5-1","","IMPORTADO","","",488849.85,0.00,488849.85
"BODEGA TUXTEPEC","31232","XTRAIL EXCLUSIVE CVT 2.5LTS 2 ROW","NISSAN","BLANCO SATINADO/NEGRO","2027","JN8AT3MT0VW104580","TUXTEPEC",0,"",55,"6437040",27/06/2026,"PV6","PORTAPLACA","PR25752531F","","XTCG5-1","","IMPORTADO","","",488849.85,0.00,488849.85
"BODEGA TUXTEPEC","31233","XTRAIL EXCLUSIVE CVT 2.5LTS 2 ROW","NISSAN","ROJO BURDEOS/NEGRO","2027","JN8AT3MT0VW103896","TUXTEPEC",0,"",55,"6437020",27/06/2026,"PV6","PORTAPLACA","PR25751516F","","XTCG5-1","","IMPORTADO","","",488849.85,0.00,488849.85
"BODEGA JUCHITAN","31239","XTRAIL EXCLUSIVE CVT 2.5LTS 2 ROW","NISSAN","ARENA/NEGRO","2027","JN8AT3MT8VW103547","JUCHITAN",0,"",55,"6437060",27/06/2026,"PV6","(JUCHITAN) (# CONCS. : 00525), CANAL ASIG. : ALLOCAT - INDEFINIDO","PR25753637F","","XTCG5-1","","IMPORTADO","","",488849.85,0.00,488849.85
"BODEGA SALINA CRUZ","31242","XTRAIL EXCLUSIVE CVT 2.5LTS 2 ROW","NISSAN","ARENA/NEGRO","2027","JN8AT3MT7VW104981","SALINA CRUZ",0,"",55,"6437050",27/06/2026,"PV6","(SALINA CRUZ) (# CONCS. : 00526), CANAL ASIG. : ALLOCAT - INDEFINIDO","PR25757711F","","XTCG5-1","","IMPORTADO","","",488849.85,0.00,488849.85
"BODEGA ORIZABA","31250","XTRAIL EXCLUSIVE CVT 2.5LTS 2 ROW","NISSAN","ARENA/NEGRO","2027","JN8AT3MT2VW104306","ORIZABA",0,"",53,"6452460",29/06/2026,"PV6","(ORIZABA), CANAL ASIG. : ALLOCAT - INDEFINIDO","PR25755444F","","XTCG5-1","","IMPORTADO","","",488849.85,0.00,488849.85
"BODEGA JUCHITAN","31292","XTRAIL EXCLUSIVE CVT 2.5LTS 2 ROW","NISSAN","BLANCO SATINADO/NEGRO","2027","JN8AT3MT0VW104109","JUCHITAN",0,"",52,"6456010",30/06/2026,"PV6","(JUCHITAN) (# CONCS. : 00525), CANAL ASIG. : AVR/MAR - DIRECTA NMX","PR25755602F","","XTCG5-1","","IMPORTADO","","",488849.85,0.00,488849.85
"PEÑUELA","31300","XTRAIL EXCLUSIVE CVT 2.5LTS 2 ROW","NISSAN","ROJO BURDEOS/NEGRO","2027","JN8AT3MTXVW105039","CORDOBA",0,"",52,"6462520",30/06/2026,"PV6","LODERAS DELANTERAS Y TRASERAS, BARRAS DE TECHO, NITRO ACCESORIO TAPON","PR25757983F","","XTCG5-1","","IMPORTADO","","",488849.85,0.00,488849.85
"BODEGA TUXTEPEC","31304","XTRAIL EXCLUSIVE CVT 2.5LTS 2 ROW","NISSAN","GRIS VOLCANICO/NEGRO","2027","JN8AT3MT9VW104075","TUXTEPEC",0,"",52,"6462560",30/06/2026,"PV6","PORTAPLACA","PR25755197F","","XTCG5-1","","IMPORTADO","","",488849.85,0.00,488849.85
"BODEGA JUCHITAN","31306","XTRAIL EXCLUSIVE CVT 2.5LTS 2 ROW","NISSAN","BLANCO SATINADO/NEGRO","2027","JN8AT3MTXVW103601","JUCHITAN",0,"",52,"6462570",30/06/2026,"PV6","(JUCHITAN) (# CONCS. : 00525), CANAL ASIG. : ALLOCAT - INDEFINIDO","PR25749233F","","XTCG5-1","","IMPORTADO","","",488849.85,0.00,488849.85
"BODEGA SALINA CRUZ","31317","XTRAIL EXCLUSIVE CVT 2.5LTS 2 ROW","NISSAN","GRIS OXFORD/NEGRO","2027","JN8AT3MT6VW104485","SALINA CRUZ",0,"",46,"6463860",06/07/2026,"PV6","PORTAPLACA Y CENICERO CON LUZ","PR25756711F","","XTCG5-1","","IMPORTADO","","",488849.85,0.00,488849.85
"BODEGA SALINA CRUZ","31318","XTRAIL EXCLUSIVE CVT 2.5LTS 2 ROW","NISSAN","ROJO BURDEOS/NEGRO","2027","JN8AT3MT8VW104004","SALINA CRUZ",0,"",46,"6463870",06/07/2026,"PV6","(SALINA CRUZ) (# CONCS. : 00526), CANAL ASIG. : AVR/MAR - DIRECTA NMX","PR25755674F","","XTCG5-1","","IMPORTADO","","",488849.85,0.00,488849.85
"BODEGA TUXTEPEC","31530","XTRAIL EXCLUSIVE CVT 2.5LTS 2 ROW","NISSAN","GRIS VOLCANICO/NEGRO","2027","JN8AT3MT8VW106139","TUXTEPEC",0,"",22,"6519110",30/07/2026,"PV6","(TUXTEPEC) (# CONCS. : 00524), CANAL ASIG. : ALLOCAT - INDEFINIDO","PR25760644F","","XTCG5-1","","IMPORTADO","","",488849.85,0.00,488849.85
"BODEGA TIERRABLANCA","31553","XTRAIL EXCLUSIVE CVT 2.5LTS 2 ROW","NISSAN","GRIS OXFORD/NEGRO","2027","JN8AT3MT1VW105950","TIERRA BLANCA",0,"",21,"6526310",31/07/2026,"PV6","(TIERRA BLANCA) (# CONCS. : 00410), CANAL ASIG. : ALLOCAT - INDEFINIDO","PR25760411F","","XTCG5-1","","IMPORTADO","","",488849.85,0.00,488849.85
"EN TRANSITO","31787","XTRAIL EXCLUSIVE CVT 2.5LTS 2 ROW","NISSAN","GRIS VOLCANICO/NEGRO","2027","JN8AT3MT0VW106992","TUXTEPEC",0,"",3,"6552580",18/08/2026,"PV6","(TUXTEPEC) (# CONCS. : 00524), CANAL ASIG. : ALLOCAT - INDEFINIDO","PR25763743F","","XTCG5-1","","IMPORTADO","","",488982.69,0.00,488982.69
"EN TRANSITO","31788","XTRAIL EXCLUSIVE CVT 2.5LTS 2 ROW","NISSAN","BLANCO SATINADO/NEGRO","2027","JN8AT3MT8VW106724","TUXTEPEC",0,"",3,"6552600",18/08/2026,"PV6","(TUXTEPEC) (# CONCS. : 00524), CANAL ASIG. : ALLOCAT - INDEFINIDO","PR25763746F","","XTCG5-1","","IMPORTADO","","",488982.69,0.00,488982.69
"EN TRANSITO","31790","XTRAIL EXCLUSIVE CVT 2.5LTS 2 ROW","NISSAN","ROJO BURDEOS/NEGRO","2027","JN8AT3MT1VW107004","JUCHITAN",0,"",3,"6552590",18/08/2026,"PV6","(JUCHITAN) (# CONCS. : 00525), CANAL ASIG. : ALLOCAT - INDEFINIDO","PR25764821F","","XTCG5-1","","IMPORTADO","","",488982.69,0.00,488982.69
